code,categorie,numero_source,intitule,type_diplome,ies_sigles,nb_ies,profils_entree,nb_competences,competences,metiers,secteurs,url_source
LIC-001,Licence,1,Licence professionnelle en Microbiologie et Immunologie,Licence professionnelle,UGANC ; UL,2,SE + SE-FA,11,"1. Identifier et caractériser différents microorganismes: bactéries, virus, champignons et parasites
2. Réaliser des analyses microbiologiques sur des échantillons biologiques, alimentaires, environnementaux et hydriques
3. Mettre en œuvre les techniques de culture, isolement, identification et dénombrement des microorganismes
4. Réaliser des analyses liées à la qualité microbiologique de l’eau et des aliments
5. Expliquer les mécanismes de l’immunité et les principales réponses immunitaires
6. Participer à la réalisation et à l’interprétation de tests immunologiques et sérologiques
7. Appliquer les règles de biosécurité, d’hygiène et de prévention des risques biologiques
8. Participer au contrôle de la qualité dans les laboratoires
9. Exploiter et interpréter des résultats d’analyses microbiologiques et immunologiques
10. Utiliser les outils informatiques et statistiques pour le traitement des données biologiques
11. Participer à des activités de recherche scientifique en microbiologie, immunologie, biotechnologie et santé","1. Technicien supérieur de laboratoire de microbiologie
2. Technicien en contrôle microbiologique des eaux et aliments
3. Assistant de recherche en immunologie
4. Agent d’hygiène et de biosécurité
5. Technicien qualité en industrie agroalimentaire ou pharmaceutique","— Secteur de la santé —
• Laboratoires d’analyses biomédicales, selon la réglementation nationale
• Laboratoires hospitaliers et centres de diagnostic
• Laboratoires de recherche en santé
• Structures de surveillance et de contrôle des maladies infectieuses
— Secteur agroalimentaire —
• Laboratoires de contrôle microbiologique des aliments
• Industries agroalimentaires
• Contrôle qualité et hygiène alimentaire
• Laboratoires d’analyse des produits laitiers, boissons, viandes et autres denrées
— Secteur de l’eau et de l’environnement —
• Laboratoires d’analyse et de contrôle de la qualité de l’eau
• Structures de traitement et de distribution d’eau
• Laboratoires environnementaux
• Contrôle de la pollution microbiologique des sols et des eaux
— Industries pharmaceutiques et biotechnologiques —
• Laboratoires pharmaceutiques
• Entreprises de biotechnologie
• Contrôle qualité et assurance qualité
• Production et contrôle de produits biologiques
— Recherche et enseignement —
• Laboratoires et centres de recherche
• Universités et institutions d’enseignement supérieur, notamment après poursuite d’études
• Projets et programmes de recherche en microbiologie, immunologie, maladies infectieuses et biotechnologies",https://parcoursupguinee.org/offre-de-formation-en-licence-professionnelle-et-fondamentale
LIC-002,Licence,2,Licence professionnelle en Biologie Médicale,Licence professionnelle,UGANC ; UL ; UK ; UZ,4,SE + SE-FA,12,"1. Réaliser les prélèvements biologiques
2. Analyser la numération et la coagulation sanguines
3. Réaliser les analyses biochimiques du sang et des urines
4. Rechercher les agents infectieux
5. Rechercher les parasites dans les échantillons
6. Analyser les groupes sanguins et la transfusion
7. Conduire les automates d’analyse
8. Mettre en œuvre le contrôla qualité des analyses
9. Gérer les réactifs et les stocks
10. Assurer la traçabilité et l’archivage des résultats
11. Appliquer les règles d’hygiène et la gestion des déchets de laboratoire
12. Réaliser l’interprétation et la validation technique des résultats","1. Technicien supérieur de laboratoire d’analyses biomédicales
2. Technicien de laboratoire hospitalier
3. Assistant qualité en biologie médicale
4. Technicien de banque de sang
5. Délégué technique en réactifs et équipements de laboratoire","— Secteur de la santé —
• Laboratoires d’analyses de biologie médicale
• Laboratoires hospitaliers et centres de diagnostic
• Banques de sang et centres de transfusion
• Structures de dépistage et de suivi des patients
— Santé publique et surveillance sanitaire —
• Programmes nationaux de lutte contre les maladies
• Structures de surveillance épidémiologique
• Laboratoires de référence en santé publique
— Industries pharmaceutiques et contrôle qualité —
• Laboratoires pharmaceutiques
• Services d’assurance et de contrôle qualité
• Unités de production de réactifs et de consommables
— Recherche et enseignement —
• Laboratoires et centres de recherche biomédicale
• Universités et institutions d’enseignement supérieur, notamment après poursuite d’études
• Projets et programmes de recherche clinique",https://parcoursupguinee.org/offre-de-formation-en-licence-professionnelle-et-fondamentale
LIC-003,Licence,3,Licence professionnelle en Bioinformatique et Analyse des Données Biologiques,Licence professionnelle,UGANC,1,SE + SE-FA,12,"1. Mettre en œuvre la programmation appliquée à la biologie
2. Gérer les bases de données biologiques
3. Réaliser l’alignement et comparaison de séquences
4. Analyser les génomes complets
5. Mobiliser les statistiques appliquées aux données biologiques
6. Mettre en œuvre l’apprentissage automatique appliqué au vivant
7. Assurer la visualisation des données scientifiques
8. Modéliser les structures de protéines
9. Traiter les données de santé publique
10. Mettre en œuvre l’automatisation des traitements de données
11. Rédiger des rapports d’analyse
12. Assurer la veille scientifique et technologique","1. Bio-informaticien junior
2. Analyste de données biologiques et génomiques
3. Gestionnaire de bases de données scientifiques
4. Assistant de recherche en génomique
5. Analyste de données de santé publique","— Santé et recherche biomédicale —
• Laboratoires de génomique et de biologie moléculaire
• Centres de recherche en santé
• Structures de surveillance épidémiologique et de traitement des données sanitaires
— Industries pharmaceutiques et biotechnologiques —
• Entreprises de biotechnologie
• Laboratoires pharmaceutiques, en appui à la recherche et au développement
• Unités d’analyse et de valorisation des données biologiques
— Numérique et gestion des données —
• Services informatiques et bases de données scientifiques
• Entreprises de développement logiciel appliqué aux sciences du vivant
• Structures de gestion et de sécurisation des données de santé
— Recherche et enseignement —
• Laboratoires de bioinformatique
• Universités et institutions d’enseignement supérieur, notamment après poursuite d’études
• Projets et programmes de recherche en génomique et en intelligence artificielle appliquée au vivant",https://parcoursupguinee.org/offre-de-formation-en-licence-professionnelle-et-fondamentale
LIC-004,Licence,4,Licence professionnelle en Biochimie,Licence professionnelle,UGANC ; UJNK,2,SE + SE-FA,12,"1. Doser les protéines et les sucres
2. Analyser les enzymes et leur activité
3. Séparer les molécules par chromatographie
4. Réaliser des mesures par spectrophotométrie
5. Analyser le métabolisme
6. Réaliser les analyses biochimiques cliniques
7. Assurer le contrôle biochimique des aliments
8. Purifier des biomolécules
9. Préparer des solutions et les milieux
10. Mettre en œuvre le contrôla qualité en laboratoire
11. Assurer la sécurité et la manipulation des produits chimiques
12. Interpréter les résultats d’analyse","1. Technicien supérieur de laboratoire de biochimie
2. Technicien de contrôle qualité physico-chimique
3. Assistant de recherche en biochimie
4. Technicien en analyses agroalimentaires
5. Technicien en laboratoire d’analyses environnementales","— Secteur de la santé —
• Laboratoires de biochimie clinique
• Laboratoires hospitaliers et centres de diagnostic
• Structures de suivi biologique des patients
— Industries agroalimentaires et pharmaceutiques —
• Laboratoires de contrôle qualité
• Unités de production pharmaceutique et de compléments nutritionnels
• Industries de transformation agroalimentaire
— Environnement et biotechnologies —
• Laboratoires d’analyse environnementale
• Entreprises de biotechnologie
• Unités de purification et de valorisation de biomolécules
— Recherche et enseignement —
• Laboratoires et centres de recherche
• Universités et institutions d’enseignement supérieur, notamment après poursuite d’études
• Projets et programmes de recherche en biochimie et en enzymologie",https://parcoursupguinee.org/offre-de-formation-en-licence-professionnelle-et-fondamentale
LIC-005,Licence,5,Licence fondamentale en Biologie,Licence fondamentale,UGANC ; UJNK ; UK,3,SE + SE-FA,12,"1. Réaliser l’observation et la description du monde vivant
2. Mettre en œuvre les techniques de microscopie
3. Réaliser la dissection et l’anatomie comparée
4. Analyser la physiologie des organismes
5. Conduire l’analyse génétique et hérédité
6. Analyser les écosystèmes et la biodiversité
7. Mettre en œuvre les techniques de base de laboratoire
8. Conduire l’expérimentation et démarche scientifique
9. Assurer le traitement statistique des données biologiques
10. Enseigner les sciences de la vie
11. Assurer la rédaction et la communication scientifiques
12. Encadrer le travaux pratiques","1. Assistant de recherche en sciences biologiques
2. Technicien de laboratoire de biologie
3. Enseignant de sciences de la vie (après formation pédagogique)
4. Assistant en gestion de la biodiversité
5. Préparateur en laboratoire pédagogique","— Recherche et enseignement —
• Laboratoires et centres de recherche en sciences de la vie
• Établissements d’enseignement secondaire et supérieur, notamment après formation pédagogique
• Laboratoires pédagogiques et plateformes de travaux pratiques
— Santé et laboratoires d’analyses —
• Laboratoires d’analyses biologiques
• Structures de diagnostic et de suivi sanitaire
• Programmes de santé publique
— Environnement et biodiversité —
• Structures de gestion des aires protégées
• Projets d’inventaire et de suivi de la biodiversité
• Organismes de protection de l’environnement
— Agriculture et agroalimentaire —
• Laboratoires de contrôle des produits agricoles
• Structures d’appui aux productions végétales et animales
• Projets de développement rural",https://parcoursupguinee.org/offre-de-formation-en-licence-professionnelle-et-fondamentale
LIC-006,Licence,6,Licence fondamentale en Chimie,Licence fondamentale,UGANC ; UJNK ; UK ; UZ,4,SE + SE-FA + SM,12,"1. Synthétiser des composés chimiques
2. Conduire la purification et la cristallisation
3. Réaliser des analyses par spectroscopie
4. Réaliser des analyses par chromatographie
5. Réaliser le titrage et analyse quantitative
6. Analyser les réactions et leur vitesse
7. Modéliser les molécules
8. Assurer la sécurité chimique et la gestion des produits dangereux
9. Assurer la préparation et la normalisation des solutions
10. Enseigner la chimie
11. Rédiger des protocoles expérimentaux
12. Encadrer le travaux pratiques","1. Technicien supérieur de laboratoire de chimie
2. Technicien de contrôle qualité
3. Assistant de recherche en chimie
4. Enseignant de sciences physiques (après formation pédagogique)
5. Technicien en analyses industrielles","— Recherche et enseignement —
• Laboratoires et centres de recherche en chimie
• Établissements d’enseignement secondaire et supérieur, notamment après formation pédagogique
• Laboratoires pédagogiques et plateformes de travaux pratiques
— Industries et contrôle qualité —
• Industries chimiques et parachimiques
• Laboratoires de contrôle et d’assurance qualité
• Unités de production de peintures, savons, engrais et matériaux
— Mines, énergie et environnement —
• Laboratoires d’analyse des minerais
• Laboratoires environnementaux
• Structures de contrôle de la pollution et de traitement des effluents
— Santé et agroalimentaire —
• Laboratoires pharmaceutiques
• Laboratoires d’analyse des denrées alimentaires
• Services d’hygiène et de sécurité sanitaire",https://parcoursupguinee.org/offre-de-formation-en-licence-professionnelle-et-fondamentale
LIC-007,Licence,7,Licence professionnelle en Chimie Alimentaire et Contrôle Qualité,Licence professionnelle,UGANC ; UJNK ; UZ,3,SE + SE-FA + SM,12,"1. Analyser la composition des aliments
2. Rechercher les additifs et les contaminants
3. Réaliser les analyses microbiologiques des denrées
4. Appliquer la méthode de maîtrise des risques sanitaires
5. Mettre en œuvre des normes internationales de qualité
6. Contrôler les procédés de conservation
7. Assurer l’étiquetage et conformité réglementaire
8. Assurer la traçabilité des produits alimentaires
9. Réaliser l’audit interne de la qualité
10. Conduire l’analyse sensorielle des produits
11. Gérer les non-conformités
12. Former le personnel à l’hygiène","1. Technicien qualité en industrie agroalimentaire
2. Responsable HACCP junior
3. Technicien de laboratoire d’analyses alimentaires
4. Inspecteur adjoint de la sécurité sanitaire des aliments
5. Assistant en certification et normalisation","— Secteur agroalimentaire —
• Industries de transformation des produits alimentaires
• Laboratoires de contrôle physico-chimique et microbiologique des aliments
• Services qualité, hygiène et sécurité des aliments
• Unités de production de boissons, produits laitiers, huiles et conserves
— Contrôle officiel et normalisation —
• Services publics d’inspection et de contrôle sanitaire
• Organismes de normalisation et de certification
• Structures de protection du consommateur
— Commerce et exportation —
• Entreprises exportatrices de produits agricoles et alimentaires
• Services de conformité et de traçabilité à l’exportation
• Centrales d’achat et grandes surfaces de distribution
— Recherche et enseignement —
• Laboratoires de recherche en sciences alimentaires
• Universités et institutions d’enseignement supérieur, notamment après poursuite d’études
• Projets et programmes de sécurité sanitaire des aliments",https://parcoursupguinee.org/offre-de-formation-en-licence-professionnelle-et-fondamentale
LIC-008,Licence,8,Licence professionnelle en Chimie Environnementale,Licence professionnelle,UGANC ; UZ,2,SE + SE-FA + SM,12,"1. Prélever des échantillons d’eau, d’air et le sol
2. Analyser les polluants chimiques
3. Mesurer la qualité de l’eau
4. Assurer le suivi de la qualité de l’air
5. Traiter les eaux usées
6. Assurer la gestion et la valorisation des déchets
7. Évaluer les impacts environnementaux
8. Appliquer la réglementation environnementale
9. Réaliser la cartographie des zones polluées
10. Assurer le suivi environnemental des sites industriels
11. Sensibiliser à la protection de l’environnement
12. Rédiger des rapports environnementaux","1. Technicien en analyses environnementales
2. Chargé d’études pollution et qualité des milieux
3. Technicien de station de traitement des eaux
4. Assistant HSE en industrie ou en mine
5. Technicien de surveillance de la qualité de l’air","— Environnement et assainissement —
• Laboratoires d’analyse de l’eau, de l’air et des sols
• Stations de traitement des eaux usées et unités de potabilisation
• Services de gestion et de valorisation des déchets
• Structures de surveillance de la pollution
— Mines et industries —
• Services environnementaux des sociétés minières
• Industries soumises au contrôle des rejets
• Bureaux d’études et d’audit environnemental
— Administration et réglementation —
• Services publics chargés de l’environnement
• Agences d’inspection et de contrôle environnemental
• Projets de mise en conformité réglementaire
— Recherche, enseignement et coopération —
• Laboratoires et centres de recherche en chimie de l’environnement
• Universités et institutions d’enseignement supérieur, notamment après poursuite d’études
• Projets et programmes environnementaux des organisations de développement",https://parcoursupguinee.org/offre-de-formation-en-licence-professionnelle-et-fondamentale
LIC-009,Licence,9,Licence fondamentale en Mathématiques,Licence fondamentale,UGANC ; UJNK ; UL ; UK ; UZ,5,SE + SE-FA + SM,12,"1. Développer le raisonnement logique et la démonstration
2. Mobiliser l’algèbre et structures mathématiques
3. Conduire l’analyse et calcul différentiel
4. Mobiliser la géométrie et la topologie
5. Mobiliser les probabilités et statistiques
6. Réaliser le calcul numérique assisté par ordinateur
7. Modéliser des problèmes concrets
8. Résoudre des problèmes complexes
9. Enseigner les mathématiques
10. Assurer la rédaction mathématique rigoureuse
11. Assurer le traitement quantitatif de données
12. Assurer l’encadrement et tutorat scientifique","1. Enseignant de mathématiques (après formation pédagogique)
2. Assistant de recherche en mathématiques
3. Analyste de données junior
4. Assistant statisticien
5. Formateur en sciences exactes","— Enseignement et recherche —
• Établissements d’enseignement secondaire, notamment après formation pédagogique
• Universités et institutions d’enseignement supérieur, notamment après poursuite d’études
• Laboratoires et centres de recherche en mathématiques
— Statistique et analyse de données —
• Instituts et services nationaux de statistique
• Services d’études et de prévision des administrations
• Entreprises de traitement et d’analyse de données
— Banque, assurance et finance —
• Banques et établissements de microfinance
• Compagnies d’assurance, en analyse actuarielle et gestion des risques
• Services de contrôle de gestion et d’audit
— Numérique et ingénierie —
• Entreprises de développement informatique et de calcul scientifique
• Bureaux d’études techniques
• Projets de modélisation et d’aide à la décision",https://parcoursupguinee.org/offre-de-formation-en-licence-professionnelle-et-fondamentale
LIC-010,Licence,10,"Licence professionnelle en Mathématiques, Intelligence Artificielle et Analyse Prédictive",Licence professionnelle,UGANC ; UL,2,SE + SE-FA + SM,12,"1. Mobiliser l’algèbre linéaire appliquée aux algorithmes
2. Mobiliser les probabilités et statistiques avancées
3. Mettre en œuvre la programmation scientifique
4. Assurer le nettoyage et la préparation des données
5. Mettre en œuvre l’apprentissage automatique supervisé
6. Mettre en œuvre l’apprentissage automatique non supervisé
7. Construire des modèles prédictifs
8. Conduire l’évaluation et la validation des modèles
9. Traiter les grands volumes de données
10. Assurer la visualisation et la restitution des résultats
11. Mettre en œuvre l’automatisation des traitements
12. Respecter l’éthique et la protection des données","1. Analyste de données / data analyst junior
2. Assistant ingénieur en intelligence artificielle
3. Chargé d’analyse prédictive
4. Développeur de modèles d’apprentissage automatique
5. Consultant junior en aide à la décision","— Numérique et intelligence artificielle —
• Entreprises de développement logiciel et de solutions d’intelligence artificielle
• Services de traitement et de valorisation des données
• Start
— up et incubateurs technologiques. —
• Banque, assurance et télécommunications —
• Banques et établissements de microfinance, en analyse prédictive et gestion des risques
• Compagnies d’assurance
• Opérateurs de télécommunications, en analyse de la clientèle
— Administration et statistique publique —
• Instituts et services nationaux de statistique
• Services d’études, de planification et de prévision
• Projets de modernisation numérique des administrations
— Recherche et enseignement —
• Laboratoires et centres de recherche en mathématiques appliquées
• Universités et institutions d’enseignement supérieur, notamment après poursuite d’études
• Projets et programmes de recherche en apprentissage automatique",https://parcoursupguinee.org/offre-de-formation-en-licence-professionnelle-et-fondamentale
LIC-011,Licence,11,Licence professionnelle en Modélisation mathématique et Simulation numérique,Licence professionnelle,UGANC ; UJNK ; UL ; UK ; UZ,5,SE + SE-FA + SM,12,"1. Mettre en œuvre en équation de phénomènes réels
2. Résoudre les équations différentielles
3. Appliquer les méthodes numériques de calcul
4. Programmer des simulations
5. Calculer par éléments finis
6. Analyser la stabilité des modèles
7. Assurer la validation des modèles par les mesures
8. Optimiser les systèmes
9. Réaliser la simulation des écoulements et des transferts
10. Assurer le traitement et l’interprétation des résultats
11. Utiliser des logiciels de calcul scientifique
12. Rédiger des rapports techniques","1. Ingénieur d’études junior en modélisation
2. Analyste en simulation numérique
3. Assistant de recherche en calcul scientifique
4. Chargé d’études quantitatives
5. Développeur scientifique","— Ingénierie et bureaux d’études —
• Bureaux d’études techniques et d’ingénierie
• Services de calcul et de dimensionnement des structures
• Entreprises de construction et d’équipements industriels
— Énergie, mines et environnement —
• Sociétés de production et de distribution d’énergie
• Services techniques des sociétés minières
• Structures de modélisation des ressources en eau et des risques naturels
— Numérique et calcul scientifique —
• Entreprises de développement de logiciels scientifiques
• Services de simulation et d’optimisation des procédés
• Centres de calcul et de traitement de données
— Recherche et enseignement —
• Laboratoires de mathématiques appliquées et de modélisation
• Universités et institutions d’enseignement supérieur, notamment après poursuite d’études
• Projets et programmes de recherche en simulation numérique",https://parcoursupguinee.org/offre-de-formation-en-licence-professionnelle-et-fondamentale
LIC-012,Licence,12,Licence professionnelle en Mathématiques Appliquées,Licence professionnelle,UGANC,1,SE + SE-FA + SM,12,"1. Mettre en œuvre en équation de phénomènes réels
2. Résoudre les équations différentielles
3. Appliquer les méthodes numériques de calcul
4. Programmer des simulations
5. Calculer par éléments finis
6. Analyser la stabilité des modèles
7. Assurer la validation des modèles par les mesures
8. Optimiser les systèmes
9. Réaliser la simulation des écoulements et des transferts
10. Assurer le traitement et l’interprétation des résultats
11. Utiliser des logiciels de calcul scientifique
12. Rédiger des rapports techniques","1. Analyste quantitatif junior
2. Assistant statisticien
3. Chargé d’études actuarielles
4. Analyste de données
5. Enseignant de mathématiques appliquées (après formation pédagogique)","— Statistique, études et planification —
• Instituts et services nationaux de statistique
• Services d’études et de planification des administrations
• Cabinets d’études et de conseil
— Banque, assurance et gestion des risques —
• Banques et établissements de microfinance
• Compagnies d’assurance
• Services d’audit et de contrôle de gestion
— Industrie et logistique —
• Services de recherche opérationnelle et d’optimisation
• Entreprises industrielles, en planification de la production
• Structures de gestion des flux et des approvisionnements
— Recherche et enseignement —
• Laboratoires de mathématiques appliquées
• Établissements d’enseignement secondaire et supérieur, notamment après formation pédagogique
• Projets et programmes de recherche quantitative",https://parcoursupguinee.org/offre-de-formation-en-licence-professionnelle-et-fondamentale
LIC-013,Licence,13,Licence fondamentale en Physique,Licence fondamentale,UGANC ; UK ; UZ,3,SE + SE-FA + SM,12,"1. Mobiliser la mécanique et étude du mouvement
2. Mobiliser l’électricité et le magnétisme
3. Mobiliser la thermodynamique et transferts de chaleur
4. Mobiliser l’optique et la propagation de la lumière
5. Mobiliser le physique quantique et atomique
6. Réaliser la mesure physique et l’instrumentation
7. Traiter les incertitudes de mesure
8. Conduire l’expérimentation en laboratoire
9. Modéliser les phénomènes physiques
10. Enseigner la physique
11. Mettre en œuvre la programmation appliquée à la physique
12. Rédiger des comptes rendus expérimentaux","1. Technicien supérieur de laboratoire de physique
2. Enseignant de physique (après formation pédagogique)
3. Assistant de recherche en physique
4. Technicien en métrologie et instrumentation
5. Préparateur de travaux pratiques","— Enseignement et recherche —
• Établissements d’enseignement secondaire, notamment après formation pédagogique
• Universités et institutions d’enseignement supérieur, notamment après poursuite d’études
• Laboratoires et centres de recherche en physique
— Énergie et industrie —
• Sociétés de production, de transport et de distribution d’électricité
• Industries de transformation et unités de production
• Services de maintenance des équipements techniques
— Métrologie, instrumentation et santé —
• Services de métrologie et d’étalonnage
• Services d’imagerie et de radioprotection des structures de santé
• Laboratoires d’essais et de mesures
— Environnement et météorologie —
• Services météorologiques et stations d’observation
• Structures de suivi des risques naturels
• Projets de recherche appliquée en énergies renouvelables",https://parcoursupguinee.org/offre-de-formation-en-licence-professionnelle-et-fondamentale
LIC-014,Licence,14,Licence professionnelle en Électronique et Énergétique,Licence professionnelle,UGANC ; UJNK ; UL ; UZ,4,SE + SE-FA + SM,12,"1. Concevoir des circuits électroniques
2. Mettre en œuvre l’électronique numérique et logique
3. Programmer les microcontrôleurs
4. Réaliser la mesure et l’instrumentation électronique
5. Établir le diagnostic et la réparation des pannes
6. Réaliser la conversion et la régulation de l’énergie
7. Assurer l’alimentation et la gestion des batteries
8. Réaliser le câblage et la réalisation de cartes
9. Assurer la sécurité des installations électriques
10. Assurer la maintenance des équipements électroniques
11. Lire les schémas techniques
12. Rédiger des rapports d’intervention","1. Technicien supérieur en électronique
2. Technicien d’exploitation en énergie électrique
3. Chargé d’installation de systèmes énergétiques
4. Technicien de maintenance des équipements électroniques
5. Assistant ingénieur en efficacité énergétique","— Énergie et électricité —
• Sociétés de production, de transport et de distribution d’électricité
• Entreprises d’installation et de maintenance des systèmes solaires
• Unités de conversion et de stockage de l’énergie
— Industrie et maintenance —
• Industries manufacturières et unités de production
• Services de maintenance électronique et instrumentation
• Ateliers de réparation et de câblage de cartes électroniques
— Télécommunications et numérique —
• Opérateurs de télécommunications
• Entreprises d’équipements électroniques et de systèmes embarqués
• Structures de supervision technique et de mesures
— Recherche et enseignement —
• Laboratoires d’électronique et d’énergétique
• Établissements d’enseignement technique et supérieur, notamment après formation pédagogique
• Projets et programmes de recherche appliquée",https://parcoursupguinee.org/offre-de-formation-en-licence-professionnelle-et-fondamentale
LIC-015,Licence,15,Licence professionnelle en Environnement et Climat,Licence professionnelle,UGANC ; UL ; UZ,3,SE + SE-FA + SM,12,"1. Mesurer les paramètres météorologiques
2. Traiter les séries de données climatiques
3. Analyser le changement climatique
4. Modéliser le climat
5. Évaluer la vulnérabilité des territoires
6. Analyser les impacts environnementaux
7. Réaliser la cartographie des risques climatiques
8. Élaborer des plans d’adaptation
9. Assurer le suivi des émissions de gaz à effet de serre
10. Assurer l’éducation et la sensibilisation au climat
11. Monter des projets climatiques
12. Rédiger des rapports environnementaux","1. Chargé d’études environnementales
2. Assistant en suivi climatique
3. Chargé de suivi-évaluation de projets environnementaux
4. Technicien en surveillance environnementale
5. Assistant en études d’impact","— Environnement et climat —
• Services publics chargés de l’environnement et du climat
• Services météorologiques et stations d’observation
• Structures de suivi des risques climatiques et des catastrophes naturelles
— Coopération et développement —
• Projets et programmes climatiques des organisations de développement
• Organisations non gouvernementales environnementales
• Structures de mobilisation de la finance climatique
— Bureaux d’études et audit —
• Bureaux d’études d’impact environnemental
• Cabinets d’audit et de conseil en environnement
• Services environnementaux des entreprises minières et industrielles
— Recherche et enseignement —
• Laboratoires et centres de recherche sur le climat
• Universités et institutions d’enseignement supérieur, notamment après poursuite d’études
• Projets de recherche sur l’adaptation au changement climatique",https://parcoursupguinee.org/offre-de-formation-en-licence-professionnelle-et-fondamentale
LIC-016,Licence,16,Licence professionnelle en Intelligence Artificielle et Systèmes Embarqués,Licence professionnelle,UGANC ; UL,2,SE + SE-FA + SM,12,"1. Programmer les microcontrôleurs
2. Concevoir des cartes électroniques
3. Mettre en œuvre des capteurs et d’actionneurs
4. Assurer la communication entre objets connectés
5. Traiter le signal
6. Mettre en œuvre l’apprentissage automatique embarqué
7. Mettre en œuvre la vision par ordinateur
8. Réaliser le prototypage rapide de systèmes
9. Gérer l’énergie des dispositifs
10. Assurer la sécurité des objets connectés
11. Réaliser les tests et la validation des systèmes
12. Assurer la documentation technique des projets","1. Développeur de systèmes embarqués
2. Ingénieur d’application junior en IA
3. Technicien en objets connectés (IoT)
4. Développeur de solutions d’automatisation intelligente
5. Assistant ingénieur en robotique","— Numérique et intelligence artificielle —
• Entreprises de développement de solutions embarquées et d’objets connectés
• Start-up et incubateurs technologiques
• Services d’innovation et de prototypage
— Industrie et automatisation —
• Industries manufacturières et unités automatisées
• Services de maintenance des systèmes automatisés et robotisés
• Entreprises d’instrumentation et de capteurs industriels
— Télécommunications, énergie et transports —
• Opérateurs de télécommunications et réseaux d’objets connectés
• Sociétés d’énergie, en supervision et comptage intelligent
• Structures de gestion intelligente des transports et des infrastructures
— Recherche et enseignement —
• Laboratoires de systèmes embarqués et d’intelligence artificielle
• Universités et institutions d’enseignement supérieur, notamment après poursuite d’études
• Projets et programmes de recherche technologique",https://parcoursupguinee.org/offre-de-formation-en-licence-professionnelle-et-fondamentale
LIC-017,Licence,17,Licence professionnelle en Ingénierie Ferroviaire,Licence professionnelle,UGANC,1,SE + SE-FA + SM,12,"1. Assurer la conception et tracé des voies ferrées
2. Mettre en œuvre la topographie ferroviaire
3. Réaliser la pose et entretien de la voie
4. Concevoir les ouvrages d’art ferroviaires
5. Conduire l’étude géotechnique des plateformes
6. Exploiter la signalisation et sécurité de la circulation
7. Planifier les travaux ferroviaires
8. Mettre en œuvre le contrôla qualité le matériaux ferroviaires
9. Diagnostiquer l’état des infrastructures
10. Assurer la maintenance des infrastructures ferroviaires
11. Gérer le chantier ferroviaire
12. Rédiger des rapports techniques","1. Technicien supérieur d’infrastructures ferroviaires
2. Assistant ingénieur travaux voie ferrée
3. Contrôleur technique de voie
4. Chargé de suivi de chantier ferroviaire
5. Technicien de diagnostic d’infrastructure","— Transport ferroviaire —
• Sociétés d’exploitation et de gestion du réseau ferroviaire
• Services d’infrastructures, de voie et d’ouvrages d’art
• Entreprises de construction et de réhabilitation des voies ferrées
— Mines et industries extractives —
• Sociétés minières exploitant des lignes de transport de minerais
• Services techniques et logistiques des sites industriels
• Entreprises de sous
— traitance ferroviaire. —
• Bureaux d’études et travaux publics —
• Bureaux d’études en infrastructures de transport
• Entreprises de génie civil et de travaux publics
• Services de topographie et de contrôle des travaux
— Administration et coopération —
• Services publics chargés des transports et des infrastructures
• Projets et programmes d’infrastructures financés par les partenaires
• Structures de régulation et de sécurité des transports",https://parcoursupguinee.org/offre-de-formation-en-licence-professionnelle-et-fondamentale
LIC-018,Licence,18,Licence professionnelle en Communication et Signalisation Ferroviaire,Licence professionnelle,UGANC,1,SE + SE-FA + SM,12,"1. Mobiliser les principes de la signalisation ferroviaire
2. Installer les équipements de signalisation
3. Exploiter les systèmes d’enclenchement et la sécurité
4. Exploiter les télécommunications ferroviaires
5. Assurer la transmission des informations de circulation
6. Assurer la régulation et contrôle du trafic
7. Réaliser le câblage et le raccordement des installations
8. Diagnostiquer les défauts de signalisation
9. Assurer la maintenance des équipements de sécurité
10. Appliquer les procédures d’exploitation en mode dégradé
11. Assurer la sécurité du personnel sur les voies
12. Rédiger des rapports d’incident","1. Technicien en signalisation ferroviaire
2. Technicien télécommunications ferroviaires
3. Agent de régulation et de commande centralisée
4. Technicien de maintenance des systèmes de sécurité ferroviaire
5. Assistant ingénieur signalisation","— Transport ferroviaire —
• Services de signalisation et de sécurité du réseau ferroviaire
• Centres de régulation et de contrôle de la circulation
• Services de maintenance des équipements de signalisation
— Télécommunications et systèmes techniques —
• Opérateurs de télécommunications
• Entreprises d’installation de systèmes de transmission
• Services techniques de supervision des réseaux
— Mines et industries —
• Sociétés minières disposant d’installations ferroviaires
• Services techniques et de sécurité des sites industriels
• Entreprises de sous
— traitance technique. —
• Administration et formation —
• Services publics chargés des transports
• Structures de régulation et de contrôle de la sécurité ferroviaire
• Centres de formation technique et professionnelle",https://parcoursupguinee.org/offre-de-formation-en-licence-professionnelle-et-fondamentale
LIC-019,Licence,19,Licence professionnelle en Transport Ferroviaire,Licence professionnelle,UGANC,1,SE + SE-FA + SM,12,"1. Planifier les circulations ferroviaires
2. Élaborer les horaires et graphiques
3. Assurer l’exploitation commerciale des trains
4. Gérer les gares et le flux de voyageurs
5. Organiser le transport de marchandises
6. Assurer la sécurité de l’exploitation ferroviaire
7. Gérer les incidents de circulation
8. Établir la tarification et la billetterie
9. Organiser la logistique et le chargement des wagons
10. Appliquer la réglementation du transport ferroviaire
11. Entretenir la relation avec la clientèle
12. Rédiger des rapports d’exploitation","1. Chargé d’exploitation ferroviaire
2. Régulateur de trafic ferroviaire
3. Chargé de planification des circulations
4. Responsable de gare adjoint
5. Chargé de logistique et de fret ferroviaire","— Transport ferroviaire —
• Sociétés d’exploitation ferroviaire et services d’exploitation commerciale
• Gares de voyageurs et terminaux de marchandises
• Centres de régulation et de planification des circulations
— Logistique et transport de marchandises —
• Entreprises de transport et de transit
• Sociétés minières, pour l’acheminement des produits
• Plateformes logistiques et portuaires
— Administration et régulation —
• Services publics chargés des transports
• Structures de régulation et de sécurité des transports
• Projets d’infrastructures et de modernisation ferroviaire
— Services commerciaux et clientèle —
• Services de tarification et de billetterie
• Services de relation clientèle des sociétés de transport
• Agences de voyages et de fret",https://parcoursupguinee.org/offre-de-formation-en-licence-professionnelle-et-fondamentale
LIC-020,Licence,20,Licence professionnelle en Matériels Roulants Ferroviaires,Licence professionnelle,UGANC,1,SE + SE-FA + SM,12,"1. Exploiter la technologie des locomotives et des wagons
2. Exploiter les systèmes de traction ferroviaire
3. Exploiter les systèmes de freinage
4. Établir le diagnostic électrique du matériel roulant
5. Établir le diagnostic mécanique du matériel roulant
6. Assurer la maintenance préventive du matériel
7. Réparer en atelier
8. Assurer le contrôle et essais avant mise en service
9. Gérer le parc de matériel roulant
10. Gérer les pièces de rechange
11. Assurer la sécurité en atelier ferroviaire
12. Rédiger des rapports de maintenance","1. Technicien de maintenance du matériel roulant
2. Chargé de diagnostic des locomotives et wagons
3. Technicien d’atelier ferroviaire
4. Chargé de suivi de la fiabilité du parc roulant
5. Agent de contrôle technique du matériel roulant","— Maintenance du matériel ferroviaire —
• Ateliers de maintenance des locomotives et des wagons
• Services de traction, de freinage et d’électricité du matériel roulant
• Centres de révision et d’essais avant mise en service
— Mines et industries —
• Services techniques des sociétés minières exploitant du matériel roulant
• Industries disposant de flottes d’engins et de matériels lourds
• Entreprises de sous
— traitance en maintenance mécanique et électrique. —
• Gestion technique et logistique —
• Services de gestion de parc et de pièces de rechange
• Magasins techniques et services d’approvisionnement
• Services de planification de la maintenance
— Administration et formation —
• Services publics chargés des transports ferroviaires
• Structures de contrôle technique et de sécurité
• Centres de formation technique et professionnelle",https://parcoursupguinee.org/offre-de-formation-en-licence-professionnelle-et-fondamentale
LIC-021,Licence,21,Licence professionnelle en Nouvelles Technologies de l’information et de la Communication,Licence professionnelle,UGANC,1,SE + SE-FA + SM,12,"1. Réaliser l’installation et la configuration des postes de travail
2. Réaliser le câblage et la configuration les réseaux locaux
3. Administrer les systèmes d’exploitation
4. Conduire la création et la gestion de sites internet
5. Concevoir des bases de données
6. Assurer la maintenance du matériel informatique
7. Assurer la sécurité informatique de base
8. Assurer l’assistance et support aux utilisateurs
9. Utiliser la bureautique et outils collaboratifs
10. Gérer des projets numériques
11. Former les utilisateurs
12. Rédiger la documentation technique","1. Administrateur systèmes et réseaux junior
2. Technicien support informatique
3. Développeur web et applications
4. Chargé de transformation numérique
5. Technicien télécoms et data","— Services informatiques et réseaux —
• Services informatiques des entreprises et des administrations
• Entreprises d’installation et de maintenance de réseaux
• Sociétés de maintenance et d’assistance aux utilisateurs
— Télécommunications et numérique —
• Opérateurs de télécommunications et fournisseurs d’accès
• Agences de création de sites internet et de contenus numériques
• Start
— up et incubateurs du numérique. —
• Administration et projets de digitalisation —
• Projets de modernisation numérique des administrations
• Services de gestion des systèmes d’information
• Structures de gestion des données et des équipements
— Formation et entrepreneuriat —
• Centres de formation en informatique et bureautique
• Établissements d’enseignement technique
• Création d’entreprises de services numériques",https://parcoursupguinee.org/offre-de-formation-en-licence-professionnelle-et-fondamentale
LIC-022,Licence,22,Licence professionnelle en Développement Logiciel et Sécurité Informatique,Licence professionnelle,UGANC,1,SE + SE-FA + SM,12,"1. Mettre en œuvre la programmation orientée objet
2. Concevoir des applications internet
3. Développer des applications mobiles
4. Assurer la conception et l’interrogation de bases de données
5. Appliquer les méthodes de génie logiciel
6. Réaliser les tests et qualité du logiciel
7. Mettre en œuvre le chiffrement et la protection des données
8. Analyser les vulnérabilités
9. Assurer la sécurisation des applications
10. Assurer l’administration sécurisée des serveurs
11. Gérer des versions et travail en équipe
12. Rédiger des cahiers des charges","1. Développeur d’applications
2. Analyste en cybersécurité junior
3. Testeur logiciel / QA
4. Administrateur de sécurité des systèmes d’information
5. Intégrateur de solutions logicielles","— Développement logiciel —
• Entreprises de développement d’applications web et mobiles
• Services informatiques des entreprises et des administrations
• Start
— up et incubateurs technologiques. —
• Cybersécurité et systèmes d’information —
• Services de sécurité des systèmes d’information
• Banques, assurances et opérateurs télécoms, en protection des données
• Structures d’audit et de conseil en cybersécurité
— Données et infrastructures —
• Services d’administration de bases de données
• Centres d’hébergement et d’informatique en nuage
• Services de sauvegarde et de continuité d’activité
— Formation, recherche et entrepreneuriat —
• Centres de formation en informatique
• Laboratoires de recherche appliquée au numérique
• Création d’entreprises de solutions logicielles",https://parcoursupguinee.org/offre-de-formation-en-licence-professionnelle-et-fondamentale
LIC-023,Licence,23,Licence professionnelle en Procédés Chimiques et Industriels,Licence professionnelle,UGANC,1,SE + SE-FA + SM,12,"1. Conduire les réacteurs et les unités de production
2. Établir les bilans de matière et d’énergie
3. Conduire les opérations de séparation (distillation, filtration)
4. Mettre en œuvre le contrôla qualité et sécurité des procédés
5. Établir et exploiter les schémas de procédés (PID) d’une unité industrielle
6. Assurer la régulation et le contrôle-commande des installations de production
7. Dimensionner les équipements élémentaires de transfert de matière et de chaleur
8. Appliquer les règles d’hygiène, de sécurité et de protection de l’environnement en milieu industriel
9. Analyser les incidents de production et proposer des actions correctives
10. Assurer la traçabilité et la documentation des opérations de production
11. Exploiter les logiciels de simulation et de suivi des procédés
12. Rendre compte, par écrit et à l’oral, des résultats d’exploitation à une équipe pluridisciplinaire","1. Technicien supérieur de conduite de procédés
2. Opérateur de production en industrie chimique
3. Technicien qualité et sécurité des procédés
4. Assistant ingénieur procédés
5. Technicien de maintenance d’unités de production","— Industries chimiques et de transformation —
• Unités de production chimique et parachimique
• Industries de fabrication de savons, peintures, engrais et plastiques
• Unités de traitement et de conditionnement de produits industriels
— Mines, énergie et métallurgie —
• Usines de traitement des minerais et de métallurgie
• Raffineries et unités de production énergétique
• Services de procédés et d’optimisation industrielle
— Qualité, sécurité et environnement —
• Laboratoires de contrôle qualité industriels
• Services d’hygiène, de sécurité et d’environnement
• Unités de traitement des effluents et des rejets industriels
— Agroalimentaire, pharmacie et maintenance —
• Industries agroalimentaires et pharmaceutiques
• Services de maintenance des installations de procédés
• Bureaux d’études et sociétés d’ingénierie industrielle",https://parcoursupguinee.org/offre-de-formation-en-licence-professionnelle-et-fondamentale
LIC-024,Licence,24,Licence professionnelle en Construction et Infrastructure,Licence professionnelle,UGANC,1,SE + SE-FA + SM,12,"1. Lire et établir les plans d’exécution
2. Réaliser le calcul et le dimensionnement des structures
3. Réaliser les essais et contrôle matériaux
4. Assurer l’organisation et suivi de chantier
5. Appliquer la réglementation technique et les normes de construction en vigueur
6. Établir les métrés, les devis quantitatifs et estimatifs d’un ouvrage
7. Planifier les travaux et ordonnancer les tâches d’un chantier
8. Assurer la sécurité et la prévention des risques sur un chantier
9. Exploiter les logiciels de dessin assisté par ordinateur et de calcul de structures
10. Assurer le suivi budgétaire et le reporting d’avancement des travaux
11. Contrôler la conformité des ouvrages réalisés et établir les procès-verbaux de réception
12. Coordonner les intervenants et communiquer avec la maîtrise d’ouvrage","1. Conducteur de travaux junior
2. Technicien bureau d’études bâtiment
3. Métreur / économiste de la construction
4. Contrôleur de matériaux et laboratoire de chantier
5. Chef de chantier adjoint","— Bâtiment et travaux publics —
• Entreprises de construction de bâtiments
• Entreprises de travaux routiers et d’infrastructures
• Chantiers de génie civil et d’ouvrages d’art
— Bureaux d’études et contrôle —
• Bureaux d’études techniques et de dessin
• Laboratoires d’essais des sols et des matériaux
• Services de contrôle technique et de surveillance des travaux
— Administration et collectivités —
• Services publics chargés des infrastructures et de l’habitat
• Services techniques des collectivités locales
• Projets d’infrastructures financés par les partenaires au développement
— Entrepreneuriat et immobilier —
• Entreprises de sous-traitance en construction
• Sociétés de promotion immobilière
• Création de petites entreprises du bâtiment",https://parcoursupguinee.org/offre-de-formation-en-licence-professionnelle-et-fondamentale
LIC-025,Licence,25,"Licence professionnelle en Automatisme Industriel, Domotique et Systèmes Électroenergétiques",Licence professionnelle,UGANC,1,SE + SE-FA + SM,12,"1. Programmer les automates programmables
2. Câbler les armoires de commande
3. Installer les systèmes domotiques
4. Assurer la conduite et la protection des installations électriques
5. Établir les schémas électriques et les grafcets d’une installation automatisée
6. Mettre en service et paramétrer les variateurs de vitesse et les démarreurs
7. Configurer les réseaux de terrain et les interfaces de supervision
8. Diagnostiquer les dysfonctionnements des systèmes automatisés et domotiques
9. Dimensionner les protections et vérifier la conformité des installations électriques
10. Assurer la maintenance préventive des équipements électroénergétiques
11. Appliquer les règles de consignation et de sécurité électrique
12. Rédiger les dossiers techniques et les notices d’exploitation","1. Technicien en automatisme industriel
2. Installateur de systèmes domotiques
3. Technicien électrotechnique
4. Technicien de maintenance des installations électriques
5. Assistant ingénieur en contrôle-commande","— Industrie et automatisation —
• Unités industrielles automatisées et lignes de production
• Services de maintenance des automatismes et des équipements de commande
• Entreprises d’installation d’armoires électriques et de systèmes automatisés
— Énergie et installations électriques —
• Sociétés de production et de distribution d’électricité
• Entreprises d’installations électriques industrielles et tertiaires
• Unités de production et de gestion de l’énergie
— Bâtiment intelligent et domotique —
• Entreprises d’installation domotique et de bâtiments intelligents
• Sociétés de sécurité électronique et de contrôle d’accès
• Services techniques des immeubles et des hôtels
— Mines et entrepreneuriat —
• Services électriques et d’automatisation des sociétés minières
• Entreprises de sous-traitance technique
• Création d’entreprises d’installation et de maintenance",https://parcoursupguinee.org/offre-de-formation-en-licence-professionnelle-et-fondamentale
LIC-026,Licence,26,Licence professionnelle en Maintenance des Systèmes Industriels,Licence professionnelle,UGANC,1,SE + SE-FA + SM,12,"1. Diagnostiquer les pannes mécaniques et électriques
2. Réaliser les interventions de maintenance corrective
3. Planifier la maintenance préventive
4. Gérer les stocks de pièces de rechange
5. Élaborer et suivre un plan de maintenance préventive et conditionnelle
6. Mettre en œuvre les techniques de surveillance vibratoire et thermographique
7. Exploiter une gestion de maintenance assistée par ordinateur (GMAO)
8. Analyser les défaillances et calculer les indicateurs de fiabilité et de disponibilité
9. Assurer la sécurité des interventions et appliquer les procédures de consignation
10. Encadrer une équipe d’intervention et organiser les chantiers de maintenance
11. Estimer les coûts de maintenance et optimiser le budget d’entretien
12. Rédiger les rapports d’intervention et les comptes rendus techniques","1. Technicien de maintenance industrielle
2. Chargé de méthodes maintenance
3. Technicien de diagnostic et de dépannage
4. Gestionnaire de stock de pièces de rechange
5. Planificateur de maintenance préventive","— Maintenance industrielle —
• Services de maintenance des unités de production
• Ateliers mécaniques, électriques et hydrauliques
• Entreprises de sous
— traitance en maintenance. —
• Mines et énergie —
• Services techniques et de maintenance des sociétés minières
• Centrales de production d’électricité
• Unités de traitement de l’eau et installations techniques
— Agroalimentaire et manufacture —
• Industries agroalimentaires et unités de conditionnement
• Industries manufacturières et textiles
• Services de gestion des pièces de rechange et de la fiabilité
— Bureaux d’études et entrepreneuriat —
• Sociétés d’ingénierie et de méthodes de maintenance
• Centres de formation technique
• Création d’entreprises de maintenance et de dépannage",https://parcoursupguinee.org/offre-de-formation-en-licence-professionnelle-et-fondamentale
LIC-027,Licence,27,"Licence professionnelle en Informatique, Systèmes numériques et Intelligence Artificielle",Licence professionnelle,UGANC,1,SE + SE-FA + SM,12,"1. Mettre en œuvre la programmation et algorithmique
2. Concevoir les systèmes numériques
3. Gérer les bases de données
4. Mettre en œuvre des modèles d’apprentissage automatique
5. Concevoir et administrer des bases de données relationnelles et non relationnelles
6. Développer des applications web et mobiles en environnement professionnel
7. Préparer, nettoyer et analyser des jeux de données volumineux
8. Évaluer et valider les performances des modèles d’apprentissage automatique
9. Mettre en œuvre les principes de sécurité des systèmes d’information
10. Concevoir et tester des systèmes numériques embarqués
11. Conduire un projet informatique selon une méthode agile
12. Documenter les développements et rédiger les spécifications techniques","1. Développeur logiciel
2. Technicien en systèmes numériques
3. Administrateur de bases de données junior
4. Ingénieur d’application junior en IA
5. Technicien support et intégration","— Numérique et intelligence artificielle —
• Entreprises de développement logiciel et de solutions intelligentes
• Services d’analyse et de valorisation des données
• Start
— up et incubateurs technologiques. —
• Systèmes numériques et embarqués —
• Entreprises d’électronique et de systèmes embarqués
• Services techniques de supervision et d’instrumentation
• Unités de maintenance des équipements numériques
— Entreprises et administrations —
• Services informatiques des entreprises et des administrations
• Banques, assurances et opérateurs télécoms
• Projets de transformation numérique
— Recherche, formation et entrepreneuriat —
• Laboratoires de recherche en informatique et intelligence artificielle
• Centres de formation et établissements d’enseignement
• Création d’entreprises de services numériques",https://parcoursupguinee.org/offre-de-formation-en-licence-professionnelle-et-fondamentale
LIC-028,Licence,28,"Licence professionnelle en Mécanique des Engins Lourds, Productique et Thermique",Licence professionnelle,UGANC,1,SE + SE-FA + SM,12,"1. Établir le diagnostic et la maintenance des engins lourds
2. Exploiter les moteurs diesel et transmissions
3. Exploiter les circuits hydrauliques et pneumatiques
4. Exploiter les installations thermiques et frigorifiques
5. Réaliser les opérations de dépose, de contrôle et de remontage des organes mécaniques
6. Exploiter les outils de diagnostic électronique embarqué des engins
7. Conduire les opérations d’usinage et de rectification de pièces de rechange
8. Analyser les performances énergétiques des installations thermiques et frigorifiques
9. Planifier la maintenance préventive d’un parc d’engins lourds
10. Appliquer les règles de sécurité et de protection de l’environnement en atelier
11. Gérer les approvisionnements en pièces, lubrifiants et fluides frigorigènes
12. Rédiger les rapports d’expertise et de suivi de l’état du parc","1. Technicien de maintenance des engins lourds
2. Diagnosticien moteurs et transmissions
3. Technicien en hydraulique et pneumatique
4. Technicien en installations thermiques et frigorifiques
5. Responsable d’atelier adjoint","— Mines et engins lourds —
• Services de maintenance des engins des sociétés minières
• Entreprises de location et d’exploitation d’engins de chantier
• Ateliers spécialisés en mécanique diesel et hydraulique
— Travaux publics et transport —
• Entreprises de travaux publics et de génie civil
• Sociétés de transport disposant de flottes de véhicules lourds
• Garages et centres techniques poids lourds
— Productique et industrie —
• Ateliers d’usinage et unités de production mécanique
• Industries manufacturières et de fabrication métallique
• Services de méthodes et d’organisation de la production
— Thermique et énergie —
• Entreprises d’installation frigorifique et de climatisation
• Centrales thermiques et unités de production de vapeur
• Création d’entreprises de maintenance mécanique",https://parcoursupguinee.org/offre-de-formation-en-licence-professionnelle-et-fondamentale
LIC-029,Licence,29,Licence professionnelle en Systèmes Électroniques et Télécommunications,Licence professionnelle,UGANC,1,SE + SE-FA + SM,12,"1. Assurer la conception et le dépannage des circuits électroniques
2. Exploiter les systèmes de transmission du signal
3. Installer les équipements radio
4. Conduire le déploiement et le raccordement de la fibre optique
5. Concevoir et simuler des circuits électroniques analogiques et numériques
6. Mettre en service et paramétrer les équipements de transmission
7. Réaliser les mesures et les tests de qualité sur les liaisons optiques et radio
8. Exploiter et superviser un réseau de télécommunications
9. Appliquer les normes et la réglementation du secteur des télécommunications
10. Diagnostiquer et résoudre les incidents de transmission
11. Assurer la sécurité des installations et des personnels sur les sites techniques
12. Rédiger les dossiers d’installation et les rapports de recette technique","1. Technicien en télécommunications
2. Technicien fibre optique
3. Technicien radio et transmission
4. Technicien de maintenance électronique
5. Assistant ingénieur réseaux télécoms","— Télécommunications —
• Opérateurs de télécommunications et fournisseurs d’accès
• Entreprises de déploiement de réseaux mobiles et de fibre optique
• Services de supervision et de mesures des réseaux
— Électronique et maintenance —
• Ateliers de maintenance électronique et d’instrumentation
• Entreprises d’équipements audiovisuels et de sécurité électronique
• Services techniques des industries et des hôpitaux
— Médias, transports et mines —
• Stations de radio et de télévision, en équipements de diffusion
• Services de radiocommunication des transports et de l’aviation
• Services techniques et de communication des sociétés minières
— Formation et entrepreneuriat —
• Centres de formation technique
• Projets d’extension de la couverture réseau
• Création d’entreprises d’installation et de maintenance",https://parcoursupguinee.org/offre-de-formation-en-licence-professionnelle-et-fondamentale
LIC-030,Licence,30,Licence professionnelle en Sciences Infirmières,Licence professionnelle,UGANC,1,SE + SE-FA + SM,12,"1. Organiser le recueil des paramètres vitaux
2. Réaliser les soins infirmiers de base
3. Administrer les médicaments
4. Réaliser la pose et la surveillance des perfusions
5. Dispenser les soins des plaies et pansements
6. Assurer la surveillance clinique du patient
7. Réaliser la prise en charge des urgences
8. Dispenser les soins aux enfants et aux personnes âgées
9. Appliquer les règles d’hygiène hospitalière et la prévention des infections
10. Assurer l’éducation thérapeutique du patient
11. Tenir le dossier de soins
12. Encadrer l’une équipe de soins","1. Infirmier diplômé d’État
2. Infirmier de bloc opératoire ou de soins intensifs
3. Infirmier de santé communautaire
4. Superviseur de soins infirmiers
5. Infirmier hygiéniste","— Structures publiques de santé —
• Hôpitaux nationaux, régionaux et préfectoraux
• Centres et postes de santé
• Services d’urgence, de chirurgie, de pédiatrie et de maternité
— Secteur privé et médecine du travail —
• Cliniques et cabinets de soins privés
• Services médicaux des entreprises minières et industrielles
• Structures de soins à domicile
— Santé publique et humanitaire —
• Programmes nationaux de santé et de vaccination
• Organisations humanitaires et organisations non gouvernementales de santé
• Services d’hygiène hospitalière et de prévention des infections
— Encadrement, formation et poursuite d’études —
• Encadrement d’unités de soins
• Écoles et centres de formation en santé
• Spécialisations et masters en sciences infirmières",https://parcoursupguinee.org/offre-de-formation-en-licence-professionnelle-et-fondamentale
LIC-031,Licence,31,Licence professionnelle en Préparateur en Pharmacie,Licence professionnelle,UGANC,1,SE + SE-FA + SM,12,"1. Préparer les formes pharmaceutiques
2. Réaliser les pesées et calculs de doses
3. Assurer la dispensation sous contrôle du pharmacien
4. Assurer le conseil de base au patient
5. Gérer les stocks de médicaments
6. Contrôler les dates de péremption
7. Assurer la réception et la vérification des commandes
8. Assurer la conservation et chaîne du froid
9. Appliquer la réglementation pharmaceutique
10. Tenir les registres de la pharmacie
11. Appliquer les règles d’hygiène et propreté de l’officine
12. Assurer l’accueil et l’orientation de la clientèle","1. Préparateur en pharmacie
2. Assistant de pharmacie hospitalière
3. Gestionnaire de stock de médicaments
4. Technicien en approvisionnement pharmaceutique
5. Assistant en dispensation et conseil","— Officines et distribution —
• Pharmacies d’officine
• Dépôts pharmaceutiques et points de vente agréés
• Grossistes et services de distribution de médicaments
— Structures hospitalières —
• Pharmacies hospitalières et pharmacies de service
• Services de préparation des traitements
• Magasins pharmaceutiques des établissements de soins
— Industrie et logistique de santé —
• Unités de production pharmaceutique et cosmétique
• Services de conditionnement et de contrôle des stocks
• Gestion de la chaîne du froid des produits de santé
— Programmes de santé et entrepreneuriat —
• Programmes d’approvisionnement en médicaments essentiels
• Organisations humanitaires et projets de santé
• Création de dépôts et de structures de distribution agréés",https://parcoursupguinee.org/offre-de-formation-en-licence-professionnelle-et-fondamentale
LIC-032,Licence,32,"Licence professionnelle en Biologie Médicale, Analyses biologiques et biotechnologie",Licence professionnelle,UGANC,1,SE + SE-FA,12,"1. Réaliser les prélèvements
2. Réaliser les analyses hématologiques
3. Réaliser les analyses biochimiques
4. Réaliser les analyses bactériologiques
5. Réaliser les analyses parasitologiques
6. Réaliser les analyses immunologiques
7. Conduire les automates d’analyse
8. Mettre en œuvre le contrôla qualité interne
9. Gérer les réactifs
10. Appliquer les règles d’hygiène et la gestion des déchets biologiques
11. Assurer la saisie et la transmission des résultats
12. Assurer la maintenance de premier niveau des appareils","1. Technicien supérieur en analyses biomédicales
2. Technicien en biotechnologie
3. Assistant de recherche en biologie médicale
4. Responsable qualité de laboratoire adjoint
5. Technicien en biologie moléculaire","— Laboratoires d’analyses médicales —
• Laboratoires des hôpitaux et centres de santé
• Laboratoires privés d’analyses de biologie médicale
• Banques de sang et centres de transfusion
— Santé publique et surveillance —
• Laboratoires de référence et de surveillance épidémiologique
• Programmes nationaux de lutte contre les maladies
• Structures de dépistage et de diagnostic
— Biotechnologie et industrie —
• Laboratoires de biotechnologie
• Unités de production et de contrôle des produits biologiques
• Laboratoires de contrôle qualité agroalimentaire et pharmaceutique
— Recherche, enseignement et entrepreneuriat —
• Laboratoires et centres de recherche biomédicale
• Écoles et universités de santé, notamment après poursuite d’études
• Création de laboratoires d’analyses agréés",https://parcoursupguinee.org/offre-de-formation-en-licence-professionnelle-et-fondamentale
LIC-033,Licence,33,Licence professionnelle en Sciences Obstétricales,Licence professionnelle,UGANC,1,SE + SE-FA + SM,12,"1. Conduire la consultation prénatale et suivi de grossesse
2. Réaliser le dépistage des grossesses à risque
3. Conduire l’un accouchement normal
4. Réaliser la prise en charge des urgences obstétricales
5. Dispenser les soins immédiats au nouveau-né
6. Assurer le suivi des suites de couches
7. Mettre en œuvre l’allaitement et conseils nutritionnels
8. Assurer la planification familiale
9. Prévenir la transmission des infections
10. Assurer l’éducation à la santé maternelle
11. Tenir les registres de maternité
12. Encadrer l’une équipe de maternité","1. Sage-femme / maïeuticien
2. Agent de santé maternelle et néonatale
3. Superviseur de maternité adjoint
4. Chargé de santé de la reproduction
5. Formateur en soins obstétricaux","— Maternités et structures de santé —
• Maternités des hôpitaux nationaux, régionaux et préfectoraux
• Centres et postes de santé
• Services de consultation prénatale et de planification familiale
— Secteur privé et soins de proximité —
• Cliniques et cabinets d’accouchement privés
• Structures de soins communautaires
• Services de suivi à domicile de la mère et du nouveau
— né. —
• Santé publique et humanitaire —
• Programmes de santé maternelle, néonatale et infantile
• Organisations humanitaires et organisations non gouvernementales de santé
• Campagnes de sensibilisation et de vaccination
— Encadrement, formation et poursuite d’études —
• Encadrement des équipes de maternité
• Écoles et centres de formation en santé
• Spécialisations et masters en santé maternelle",https://parcoursupguinee.org/offre-de-formation-en-licence-professionnelle-et-fondamentale
LIC-034,Licence,34,Licence professionnelle en Imagerie Médicale et Radiologie Diagnostique,Licence professionnelle,UGANC,1,SE + SE-FA + SM,12,"1. Utiliser les appareils de radiographie
2. Réaliser des échographies
3. Assurer la manipulation du scanner
4. Réaliser le positionnement du patient
5. Mettre en œuvre le réglage des paramètres d’exposition
6. Mettre en œuvre la radioprotection du patient et le personnel
7. Contrôler la qualité des images
8. Assurer le traitement et l’archivage numérique des images
9. Assurer l’assistance aux examens spécialisés
10. Assurer la maintenance de premier niveau des appareils
11. Assurer l’accueil et l’information du patient
12. Tenir les registres d’examens","1. Technicien supérieur en imagerie médicale
2. Manipulateur en électroradiologie
3. Technicien en échographie et scanographie
4. Chargé de radioprotection adjoint
5. Technicien d’application en équipements d’imagerie","— Services d’imagerie médicale —
• Services de radiologie des hôpitaux
• Centres d’imagerie et cabinets de radiologie privés
• Services d’échographie et de scanographie
— Structures spécialisées et mobiles —
• Centres de dépistage et unités mobiles de radiologie
• Services d’imagerie interventionnelle
• Services de médecine du travail et de visites médicales
— Radioprotection, maintenance et qualité —
• Services de radioprotection et de contrôle qualité des installations
• Entreprises de maintenance des équipements d’imagerie
• Fournisseurs de matériel médical, en appui technique
— Formation, recherche et poursuite d’études —
• Écoles et centres de formation en imagerie
• Projets de recherche clinique en imagerie
• Spécialisations et masters en techniques d’imagerie",https://parcoursupguinee.org/offre-de-formation-en-licence-professionnelle-et-fondamentale
LIC-035,Licence,35,Licence professionnelle en Nutrition Clinique et Diététique,Licence professionnelle,UGANC,1,SE + SE-FA + SM,12,"1. Évaluer l’état nutritionnel
2. Réaliser les mesures anthropométriques
3. Élaborer des régimes alimentaires
4. Réaliser la prise en charge de la malnutrition
5. Assurer la nutrition des maladies chroniques
6. Assurer la nutrition de la mère et l’enfant
7. Assurer l’éducation nutritionnelle des patients
8. Élaborer le menus collectifs
9. Assurer la sécurité sanitaire des aliments
10. Conduire les enquêtes alimentaires en population
11. Assurer le suivi des programmes nutritionnels
12. Rédiger des rapports nutritionnels","1. Diététicien-nutritionniste
2. Chargé de nutrition clinique en hôpital
3. Chargé de programmes nutritionnels
4. Conseiller en éducation nutritionnelle
5. Assistant technique en sécurité nutritionnelle","— Structures de santé et diététique clinique —
• Services de nutrition et de diététique des hôpitaux
• Centres de récupération nutritionnelle
• Cabinets de consultation diététique
— Programmes de nutrition et humanitaire —
• Programmes nationaux de nutrition et de santé maternelle et infantile
• Organisations humanitaires et organisations non gouvernementales
• Projets de lutte contre la malnutrition
— Restauration collective et agroalimentaire —
• Services de restauration collective (hôpitaux, écoles, entreprises)
• Industries agroalimentaires, en formulation et étiquetage nutritionnels
• Services d’hygiène et de sécurité sanitaire des aliments
— Éducation, recherche et entrepreneuriat —
• Actions d’éducation nutritionnelle et de sensibilisation
• Projets de recherche en nutrition et santé publique
• Création de cabinets et de services de conseil en nutrition",https://parcoursupguinee.org/offre-de-formation-en-licence-professionnelle-et-fondamentale
LIC-036,Licence,36,Licence professionnelle en Kinésithérapie,Licence professionnelle,UGANC,1,SE + SE-FA + SM,12,"1. Établir le bilan et l’évaluation fonctionnelle du patient
2. Mettre en œuvre les techniques de massage et la mobilisation
3. Conduire la rééducation motrice et post-traumatique
4. Mettre en œuvre la kinésithérapie respiratoire
5. Élaborer et adapter un projet thérapeutique individualisé
6. Mettre en œuvre les techniques de rééducation neurologique et pédiatrique
7. Utiliser les agents physiques et les appareillages de rééducation
8. Assurer l’éducation thérapeutique du patient et de son entourage
9. Appliquer les règles d’hygiène, d’asepsie et de sécurité des soins
10. Respecter la déontologie professionnelle et le secret médical
11. Tenir le dossier du patient et assurer la traçabilité des séances
12. Collaborer avec l’équipe pluridisciplinaire de soins et rédiger les comptes rendus","1. Kinésithérapeute
2. Rééducateur fonctionnel
3. Kinésithérapeute du sport
4. Kinésithérapeute respiratoire
5. Responsable d’unité de rééducation adjoint","— Structures de rééducation et de santé —
• Services de kinésithérapie et de rééducation des hôpitaux
• Centres de réadaptation fonctionnelle
• Cabinets de kinésithérapie privés
— Sport et performance —
• Clubs sportifs et fédérations, en préparation physique et récupération
• Centres de remise en forme
• Services d’accompagnement des sportifs de haut niveau
— Handicap et soins de proximité —
• Centres de prise en charge du handicap et d’appareillage
• Structures de soins à domicile
• Projets communautaires de réadaptation
— Entrepreneuriat, formation et poursuite d’études —
• Création de cabinets de kinésithérapie
• Écoles et centres de formation en santé
• Spécialisations et masters en réadaptation",https://parcoursupguinee.org/offre-de-formation-en-licence-professionnelle-et-fondamentale
LIC-037,Licence,37,Licence professionnelle en Finances Publiques et Gouvernance Territoriale,Licence professionnelle,UGANC,1,SE + SE-FA + SM,12,"1. Élaborer le budget public
2. Mettre en œuvre l’exécution et suivi budgétaire
3. Tenir la comptabilité publique
4. Appliquer la fiscalité locale et la mobilisation des recettes
5. Contrôler les dépenses publiques
6. Conduire la passation des marchés publics
7. Planifier le développement local
8. Gérer le patrimoine public
9. Réaliser l’audit interne des finances publiques
10. Mettre en œuvre la transparence et redevabilité financières
11. Conduire l’analyse financière des collectivités
12. Rédiger les documents budgétaires","1. Chargé d’études en finances publiques
2. Agent de contrôle budgétaire
3. Chargé de gestion des collectivités locales
4. Assistant de la commande publique
5. Chargé de suivi des recettes fiscales locales","— Administration financière de l’État —
• Services du budget, du trésor et des impôts
• Services de la comptabilité publique et du contrôle financier
• Services des douanes et des recettes publiques
— Collectivités locales —
• Services financiers des communes et des collectivités
• Services de planification et de gestion du patrimoine public
• Projets de développement local
— Contrôle, audit et régulation —
• Structures d’inspection et d’audit interne
• Institutions de contrôle des finances publiques
• Services de passation et de suivi des marchés publics
— Coopération et conseil —
• Projets et programmes des partenaires au développement
• Cabinets de conseil en finances publiques
• Organisations non gouvernementales, en gestion financière",https://parcoursupguinee.org/offre-de-formation-en-licence-professionnelle-et-fondamentale
LIC-038,Licence,38,Licence professionnelle en Statistique appliquée à la Décision Publique,Licence professionnelle,UGANC,1,SE + SE-FA + SM,12,"1. Concevoir les enquêtes publiques
2. Réaliser l’échantillonnage et représentativité
3. Organiser la collecte de données
4. Mettre en œuvre le contrôla qualité et l’apurement des données
5. Conduire l’analyse statistique descriptive
6. Réaliser la modélisation statistique
7. Construire les indicateurs publics
8. Utiliser les logiciels statistiques
9. Analyser les données administratives
10. Réaliser la cartographie statistique
11. Mettre en œuvre l’aide à la décision par les données
12. Rédiger des rapports statistiques","1. Statisticien junior
2. Chargé d’études statistiques
3. Analyste de données publiques
4. Chargé de suivi-évaluation
5. Gestionnaire d’enquêtes","— Statistique publique et études —
• Instituts et services nationaux de statistique
• Services d’études, de planification et de suivi-évaluation
• Observatoires sectoriels (santé, éducation, emploi)
— Administrations et collectivités —
• Services de production des indicateurs des ministères
• Services statistiques des collectivités locales
• Projets de recensement et d’enquêtes nationales
— Coopération et développement —
• Projets et programmes des partenaires au développement
• Organisations non gouvernementales, en collecte et analyse de données
• Cabinets d’études et de sondage
— Secteur privé et recherche —
• Services d’études et d’analyse de données des entreprises
• Banques et assurances, en analyse quantitative
• Laboratoires et centres de recherche appliquée",https://parcoursupguinee.org/offre-de-formation-en-licence-professionnelle-et-fondamentale
LIC-039,Licence,39,"Licence professionnelle en Mathématiques, Physique et Sciences de L’ingénieur (MPSI)",Licence professionnelle,UGANC,1,SE + SE-FA + SM,12,"1. Mobiliser les mathématiques avancées et la démonstration
2. Conduire l’analyse et calcul différentiel
3. Mobiliser l’algèbre linéaire
4. Mobiliser la mécanique du point et des solides
5. Mobiliser l’électricité et l’électromagnétisme
6. Mobiliser la thermodynamique
7. Mobiliser les sciences industrielles de l’ingénieur
8. Mettre en œuvre le travaux pratiques expérimentaux
9. Mettre en œuvre la programmation et calcul scientifique
10. Appliquer les méthodes de travail intensives
11. Développer l’expression écrite et orale scientifique
12. Résoudre des problèmes complexes","1. Assistant ingénieur en sciences pour l’ingénieur
2. Chargé d’études techniques
3. Enseignant de sciences physiques (après formation pédagogique)
4. Technicien supérieur de laboratoire
5. Assistant de recherche","— Poursuite d’études en ingénierie —
• Écoles et instituts d’ingénieurs, après concours ou sur dossier
• Licences et masters scientifiques spécialisés
• Filières de mathématiques appliquées, physique et sciences de l’ingénieur
— Bureaux d’études et industrie —
• Bureaux d’études techniques, en appui au calcul et au dessin
• Services techniques des unités industrielles
• Services de méthodes et de contrôle qualité
— Énergie, mines et bâtiment —
• Services techniques des sociétés d’énergie et des mines
• Entreprises de construction et de travaux publics
• Services de maintenance des équipements techniques
— Enseignement et encadrement —
• Établissements d’enseignement secondaire, notamment après formation pédagogique
• Centres de préparation et de soutien scolaire
• Laboratoires pédagogiques et plateformes de travaux pratiques",https://parcoursupguinee.org/offre-de-formation-en-licence-professionnelle-et-fondamentale
LIC-040,Licence,40,Licence fondamentale en Droit Privé,Licence fondamentale,UGLCS,1,SS + SS-FA,12,"1. Conduire l’analyse et la qualification juridique des faits
2. Appliquer le droit civil des personnes et des biens
3. Appliquer le droit des contrats et des obligations
4. Appliquer le droit commercial et les sociétés
5. Appliquer le droit du travail et relations professionnelles
6. Appliquer le droit pénal et la procédure pénale
7. Appliquer la procédure civile et voies de recours
8. Rédiger les actes juridiques
9. Pratiquer la plaidoirie et l’argumentation
10. Conduire la recherche documentaire et veille juridique
11. Conduire la négociation et le règlement amiable des litiges
12. Assurer le conseil juridique aux particuliers et aux entreprises","1. Juriste d’entreprise junior
2. Assistant juridique en cabinet d’avocats
3. Clerc de notaire
4. Chargé de contentieux
5. Candidat aux professions judiciaires (après concours)","— Justice et professions judiciaires —
• Magistrature, après concours et formation professionnelle
• Barreau et cabinets d’avocats
• Études de notaire et d’huissier de justice
— Entreprises et conseil juridique —
• Services juridiques des entreprises et des banques
• Cabinets de conseil juridique et de recouvrement
• Services des ressources humaines, en droit social
— Administration et institutions —
• Greffes et services d’appui à la justice
• Administrations publiques et collectivités locales
• Structures de médiation et de règlement amiable des litiges
— Enseignement, recherche et société civile —
• Universités et centres de recherche, notamment après poursuite d’études
• Organisations de défense des droits
• Centres de documentation juridique",https://parcoursupguinee.org/offre-de-formation-en-licence-professionnelle-et-fondamentale
LIC-041,Licence,41,Licence fondamentale en Droit Public,Licence fondamentale,UGLCS,1,SS + SS-FA,12,"1. Appliquer le droit constitutionnel et institutions de l’État
2. Appliquer le droit administratif général
3. Traiter le contentieux administratif
4. Appliquer le droit des collectivités locales
5. Gérer les finances publiques et budget de l’État
6. Appliquer le droit de la fonction publique
7. Analyser les marchés publics et commande publique
8. Rédiger les actes administratifs
9. Analyser les politiques publiques
10. Appliquer le droit international public
11. Conduire la recherche et veille juridiques
12. Assurer le conseil juridique aux administrations","1. Attaché d’administration
2. Juriste en droit public
3. Chargé de la commande publique
4. Assistant de contentieux administratif
5. Candidat aux concours de la fonction publique","— Administration publique et collectivités —
• Administrations centrales et services déconcentrés de l’État
• Collectivités locales et services de la décentralisation
• Services des marchés publics et du contentieux administratif
— Justice administrative et institutions —
• Juridictions administratives, après concours
• Institutions de contrôle et de régulation
• Services juridiques des établissements publics
— Coopération et organisations internationales —
• Projets et programmes des partenaires au développement
• Organisations internationales et régionales
• Organisations non gouvernementales, en gouvernance et droits humains
— Enseignement, recherche et conseil —
• Universités et centres de recherche, notamment après poursuite d’études
• Cabinets de conseil en droit public
• Centres de documentation et de veille juridique",https://parcoursupguinee.org/offre-de-formation-en-licence-professionnelle-et-fondamentale
LIC-042,Licence,42,Licence fondamentale en Sciences Politiques,Licence fondamentale,UGLCS ; UJNK,2,SS + SS-FA,12,"1. Analyser les systèmes politiques
2. Analyser les institutions et les constitutions
3. Mettre en œuvre la sociologie électorale
4. Analyser les politiques publiques
5. Appliquer les méthodes d’enquête en sciences sociales
6. Analyser les relations internationales
7. Assurer la communication politique
8. Rédiger des notes d’analyse
9. Assurer la veille politique et médiatique
10. Animer des débats publics
11. Élaborer des stratégies de plaidoyer
12. Évaluer les programmes publics","1. Chargé d’études politiques
2. Analyste en gouvernance et institutions
3. Assistant de programme en organisation internationale
4. Chargé de plaidoyer
5. Assistant parlementaire","— Institutions politiques et administration —
• Administrations centrales et services de l’État
• Institutions parlementaires et assemblées élues
• Collectivités locales et services de la décentralisation
— Diplomatie et organisations internationales —
• Services des affaires étrangères et représentations diplomatiques
• Organisations internationales et régionales
• Projets de coopération et de gouvernance
— Société civile et processus électoraux —
• Organisations non gouvernementales et organisations de la société civile
• Structures de gestion et d’observation des élections
• Programmes de promotion de la démocratie et des droits humains
— Médias, études et recherche —
• Médias et services d’analyse politique
• Cabinets d’études et de conseil en stratégie publique
• Universités et centres de recherche, notamment après poursuite d’études",https://parcoursupguinee.org/offre-de-formation-en-licence-professionnelle-et-fondamentale
LIC-043,Licence,43,"Licence professionnelle en Banque, Finance et Assurance",Licence professionnelle,UGLCS ; UJNK ; UK,3,SE + SE-FA + SM,12,"1. Mettre en œuvre les techniques bancaires et produits financiers
2. Mettre en œuvre l’ouverture et la gestion des comptes clients
3. Analyser les dossiers de crédit
4. Conduire l’évaluation et la gestion des risques
5. Conduire l’analyse financière des entreprises
6. Mobiliser les produits et contrats d’assurance
7. Gérer les sinistres
8. Conduire les opérations de caisse et moyens de paiement
9. Conduire le lutte contre le blanchiment le capitaux
10. Entretenir la relation et la fidélisation de la clientèle
11. Tenir la comptabilité bancaire
12. Appliquer la réglementation bancaire et prudentielle","1. Chargé de clientèle bancaire
2. Analyste de crédit junior
3. Conseiller en assurance
4. Gestionnaire de portefeuille adjoint
5. Chargé de conformité et de lutte anti-blanchiment","— Banques et établissements financiers —
• Banques commerciales et banques de développement
• Établissements de microfinance et coopératives d’épargne et de crédit
• Services de crédit, de caisse et de gestion des comptes
— Assurances et prévoyance —
• Compagnies d’assurance et de réassurance
• Courtiers et agences générales d’assurance
• Services de gestion des sinistres et des contrats
— Gestion des risques et conformité —
• Services de gestion des risques et d’analyse de crédit
• Services de conformité et de lutte contre le blanchiment
• Services d’audit interne et de contrôle
— Entreprises, marchés et régulation —
• Services financiers et trésorerie des entreprises
• Sociétés de gestion et intermédiaires financiers
• Institutions de supervision du secteur financier",https://parcoursupguinee.org/offre-de-formation-en-licence-professionnelle-et-fondamentale
LIC-044,Licence,44,Licence fondamentale en Gestion,Licence fondamentale,UGLCS ; UJNK ; UL ; UK ; UNG,5,SE + SE-FA + SM,12,"1. Tenir la comptabilité générale
2. Tenir la comptabilité analytique et coûts
3. Assurer la gestion budgétaire et prévisionnelle
4. Conduire l’analyse financière
5. Gérer les ressources humaines
6. Mettre en œuvre le marketing et étude de marché
7. Assurer la gestion commerciale
8. Gérer les approvisionnements et les stocks
9. Gérer le projet
10. Appliquer la fiscalité de l’entreprise
11. Contrôler la gestion
12. Établir le diagnostic stratégique de l’entreprise","1. Assistant de gestion
2. Contrôleur de gestion junior
3. Assistant comptable
4. Chargé de gestion administrative et financière
5. Assistant ressources humaines","— Entreprises et administration —
• Services comptables et financiers des entreprises
• Services administratifs et de gestion du personnel
• Services commerciaux et marketing
— Cabinets et conseil —
• Cabinets d’expertise comptable et d’audit
• Cabinets de conseil en gestion et en organisation
• Services de contrôle de gestion et de reporting
— Banque, assurance et projets —
• Banques, assurances et établissements de microfinance
• Projets et programmes de développement, en gestion administrative et financière
• Organisations non gouvernementales, en gestion des ressources
— Entrepreneuriat et poursuite d’études —
• Création et gestion de petites et moyennes entreprises
• Structures d’accompagnement des entreprises
• Masters en gestion, finance ou audit",https://parcoursupguinee.org/offre-de-formation-en-licence-professionnelle-et-fondamentale
LIC-045,Licence,45,Licence fondamentale en Économie,Licence fondamentale,UGLCS ; UJNK ; UL ; UK,4,SE + SE-FA + SM,12,"1. Conduire l’analyse microéconomique
2. Conduire l’analyse macroéconomique
3. Analyser l’économie monétaire et financière
4. Analyser l’économie du développement
5. Mobiliser les statistiques économiques
6. Mettre en œuvre les techniques économétriques
7. Analyser la conjoncture
8. Analyser l’économie internationale et échanges
9. Évaluer les politiques économiques
10. Analyser les marchés et le prix
11. Conduire la recherche documentaire économique
12. Rédiger des notes et rapports économiques","1. Chargé d’études économiques
2. Analyste macroéconomique junior
3. Chargé de planification et de programmation
4. Assistant de recherche en économie
5. Chargé de suivi-évaluation de politiques publiques","— Administration économique et planification —
• Services d’études économiques et de planification des ministères
• Instituts de statistique et observatoires économiques
• Services de suivi des politiques publiques
— Banque, finance et assurance —
• Banques centrales et banques commerciales
• Établissements de microfinance et compagnies d’assurance
• Services d’analyse économique et financière
— Coopération et développement —
• Projets et programmes des partenaires au développement
• Organisations non gouvernementales et organisations internationales
• Cabinets d’études et de conseil économique
— Entreprises, recherche et enseignement —
• Services d’études de marché et de stratégie des entreprises
• Laboratoires et centres de recherche en économie
• Universités et établissements d’enseignement, notamment après poursuite d’études",https://parcoursupguinee.org/offre-de-formation-en-licence-professionnelle-et-fondamentale
LIC-046,Licence,46,Licence fondamentale en Histoire,Licence fondamentale,UGLCS,1,SS + SS-FA,12,"1. Exercer le critique et analyse des sources historiques
2. Rechercher en archives
3. Appliquer la méthodologie de la recherche historique
4. Mettre en œuvre la chronologie et la périodisation
5. Analyser l’histoire politique et institutionnelle
6. Analyser l’histoire économique et sociale
7. Mobiliser les traditions orales et sources locales
8. Assurer la rédaction et synthèse historiques
9. Enseigner l’histoire
10. Vulgariser le savoir historique
11. Conserver les documents anciens
12. Conduire l’analyse critique de l’information","1. Enseignant d’histoire (après formation pédagogique)
2. Chargé de recherche documentaire et historique
3. Assistant de conservation du patrimoine
4. Guide-conférencier
5. Chargé de médiation culturelle","— Patrimoine, archives et culture —
• Services des archives nationales et régionales
• Musées, sites historiques et structures du patrimoine
• Centres culturels et bibliothèques
— Enseignement et recherche —
• Établissements d’enseignement secondaire, notamment après formation pédagogique
• Universités et centres de recherche, notamment après poursuite d’études
• Projets de collecte et de valorisation des traditions orales
— Médias, édition et tourisme —
• Rédactions de presse et médias, en documentation et analyse
• Maisons d’édition et structures de production de contenus
• Agences de tourisme culturel et guidage patrimonial
— Administration et coopération —
• Services publics chargés de la culture et du patrimoine
• Organisations non gouvernementales culturelles
• Projets de coopération culturelle",https://parcoursupguinee.org/offre-de-formation-en-licence-professionnelle-et-fondamentale
LIC-047,Licence,47,Licence fondamentale en Géographie,Licence fondamentale,UGLCS ; UZ,2,SS + SS-FA,12,"1. Lire et analyser les cartes
2. Mettre en œuvre les techniques de cartographie
3. Conduire l’enquête et l’observation de terrain
4. Analyser les milieux naturels
5. Analyser la population et le peuplement
6. Mettre en œuvre la géographie urbaine et rurale
7. Analyser les dynamiques territoriales
8. Utiliser les systèmes d’information géographique
9. Traiter les données spatiales
10. Prévenir les risques naturels
11. Enseigner la géographie
12. Rédiger des rapports territoriaux","1. Chargé d’études géographiques et territoriales
2. Technicien SIG
3. Assistant en aménagement du territoire
4. Enseignant de géographie (après formation pédagogique)
5. Chargé d’études environnementales","— Aménagement et collectivités —
• Services d’urbanisme et d’aménagement du territoire
• Services techniques des collectivités locales
• Projets d’aménagement et de développement local
— Cartographie et information géographique —
• Services de cartographie et de topographie
• Structures de gestion de l’information géographique
• Bureaux d’études en environnement et territoires
— Environnement et risques —
• Services de gestion des ressources naturelles
• Structures de prévention des risques et catastrophes
• Projets de gestion durable des territoires
— Enseignement, recherche et coopération —
• Établissements d’enseignement secondaire, notamment après formation pédagogique
• Universités et centres de recherche, notamment après poursuite d’études
• Projets et programmes des partenaires au développement",https://parcoursupguinee.org/offre-de-formation-en-licence-professionnelle-et-fondamentale
LIC-048,Licence,48,Licence fondamentale en Sociologie,Licence fondamentale,UGLCS ; UJNK ; UL ; UK ; UZ,5,SS + SS-FA,12,"1. Mobiliser les théories et courants sociologiques
2. Construire l’un objet de recherche
3. Concevoir des questionnaires
4. Conduire des entretiens
5. Observer le terrain
6. Conduire l’analyse quantitative des données sociales
7. Conduire l’analyse qualitative des discours
8. Analyser les institutions sociales
9. Analyser les inégalités et la stratification
10. Mettre en œuvre la restitution des résultats d’enquête
11. Enseigner la sociologie
12. Rédiger des rapports d’étude","1. Chargé d’études sociologiques
2. Enquêteur / chargé d’études qualitatives
3. Chargé de suivi-évaluation de projets sociaux
4. Assistant en développement communautaire
5. Chargé d’animation sociale","— Études sociales et développement —
• Services d’études et de planification sociale
• Projets et programmes de développement communautaire
• Organisations non gouvernementales et organisations de la société civile
— Enquêtes, évaluation et recherche —
• Cabinets d’études, de sondage et d’évaluation
• Instituts de statistique et observatoires sociaux
• Laboratoires et centres de recherche en sciences sociales
— Entreprises et ressources humaines —
• Services des ressources humaines et du climat social
• Services de responsabilité sociale des entreprises minières et industrielles
• Structures de médiation sociale
— Enseignement et action publique —
• Établissements d’enseignement secondaire et supérieur, notamment après formation pédagogique
• Services publics chargés des affaires sociales
• Programmes de protection sociale et d’inclusion",https://parcoursupguinee.org/offre-de-formation-en-licence-professionnelle-et-fondamentale
LIC-049,Licence,49,Licence fondamentale en Philosophie,Licence fondamentale,UGLCS ; UJNK ; UK,3,SS + SS-FA,12,"1. Lire et analyser les textes philosophiques
2. Analyser l’histoire de la philosophie
3. Construire l’une argumentation
4. Mettre en œuvre la dissertation et commentaire de texte
5. Mettre en œuvre le logique et le raisonnement
6. Respecter l’éthique et la philosophie morale
7. Mettre en œuvre la philosophie politique
8. Mettre en œuvre l’esprit critique et analyse des idées
9. Développer l’expression orale et débat
10. Enseigner la philosophie
11. Mettre en œuvre le réflexion sur les questions de société
12. Rédiger des textes de réflexion","1. Enseignant de philosophie (après formation pédagogique)
2. Chargé d’études en éthique et gouvernance
3. Rédacteur / analyste éditorial
4. Chargé de médiation et de dialogue
5. Assistant de recherche en sciences humaines","— Enseignement et formation —
• Établissements d’enseignement secondaire, notamment après formation pédagogique
• Universités et institutions d’enseignement supérieur, notamment après poursuite d’études
• Centres de formation et de préparation aux concours
— Médias, édition et communication —
• Rédactions de presse, en analyse et chronique
• Maisons d’édition et structures de production éditoriale
• Services de communication institutionnelle
— Administration, éthique et société civile —
• Administrations publiques, en rédaction et analyse
• Comités d’éthique et structures de médiation
• Organisations de la société civile et de promotion des droits
— Recherche et conseil —
• Laboratoires et centres de recherche en sciences humaines
• Cabinets d’études et de conseil
• Centres de documentation",https://parcoursupguinee.org/offre-de-formation-en-licence-professionnelle-et-fondamentale
LIC-050,Licence,50,Licence fondamentale en Psychologie,Licence fondamentale,UGLCS ; UJNK,2,SS + SS-FA,12,"1. Analyser les postes et les compétences
2. Conduire l’évaluation psychotechnique des candidats
3. Conduire les entretiens de recrutement
4. Assurer l’intégration le nouveaux employés
5. Analyser la motivation au travail
6. Gérer les compétences et les carrières
7. Concevoir les plans de formation
8. Prévenir les risques psychosociaux
9. Améliorer les conditions de travail
10. Gérer les conflits en entreprise
11. Accompagner au changement
12. Évaluer la performance du personnel","1. Psychologue (selon la réglementation en vigueur)
2. Chargé d’accompagnement psychosocial
3. Conseiller d’orientation scolaire et professionnelle
4. Chargé de ressources humaines et de bien-être au travail
5. Assistant en psychologie clinique","— Éducation et accompagnement scolaire —
• Services d’orientation et de conseil des établissements scolaires
• Structures de prise en charge des difficultés d’apprentissage
• Centres d’éducation spécialisée
— Santé et action sociale —
• Services de santé mentale et de soutien psychologique
• Centres sociaux et structures d’accompagnement des publics vulnérables
• Organisations humanitaires, en appui psychosocial
— Entreprises et ressources humaines —
• Services des ressources humaines, en recrutement et évaluation
• Services de prévention des risques psychosociaux
• Cabinets de conseil en gestion des talents
— Recherche, enseignement et poursuite d’études —
• Laboratoires et centres de recherche en psychologie
• Établissements d’enseignement, notamment après formation pédagogique
• Masters et spécialisations en psychologie",https://parcoursupguinee.org/offre-de-formation-en-licence-professionnelle-et-fondamentale
LIC-051,Licence,51,Licence fondamentale en Sciences du Langage,Licence fondamentale,UGLCS,1,SS + SS-FA,12,"1. Analyser les sons de la langue
2. Analyser la formation le mots
3. Conduire l’analyse grammaticale et syntaxique
4. Analyser le sens et le vocabulaire
5. Décrire les langues
6. Réaliser la transcription phonétique
7. Collecter des données linguistiques
8. Analyser les variations de langue
9. Élaborer des lexiques et des dictionnaires
10. Appliquer à l’enseignement des langues
11. Assurer le traitement automatique de la langue
12. Rédiger des études linguistiques","1. Chargé d’études linguistiques
2. Rédacteur-correcteur
3. Assistant de recherche en sciences du langage
4. Formateur en langue et communication
5. Chargé de terminologie et de traitement de corpus","— Enseignement et alphabétisation —
• Établissements d’enseignement secondaire, notamment après formation pédagogique
• Programmes d’alphabétisation et d’éducation non formelle
• Centres de formation en langues
— Langues nationales et documentation —
• Projets de description et de valorisation des langues nationales
• Structures de transcription et d’élaboration de lexiques
• Centres de documentation linguistique
— Édition, médias et traduction —
• Maisons d’édition et services de correction
• Médias, en rédaction et adaptation linguistique
• Services de traduction et de terminologie
— Recherche et poursuite d’études —
• Laboratoires et centres de recherche en linguistique
• Universités et institutions d’enseignement supérieur, notamment après poursuite d’études
• Projets de recherche sur les langues et les traditions orales",https://parcoursupguinee.org/offre-de-formation-en-licence-professionnelle-et-fondamentale
LIC-052,Licence,52,Licence fondamentale en Lettres modernes,Licence fondamentale,UGLCS,1,SS + SS-FA,12,"1. Analyser les textes littéraires
2. Analyser l’histoire littéraire
3. Mettre en œuvre les techniques de dissertation et le commentaire
4. Assurer l’écriture créative
5. Analyser les représentations sociales
6. Exercer le critique littéraire
7. Assurer l’animation culturelle
8. Rédiger pour les médias
9. Assurer l’édition et la préparation de manuscrits
10. Assurer la communication culturelle
11. Développer l’expression orale et la lecture publique
12. Conduire la recherche documentaire","1. Enseignant de lettres (après formation pédagogique)
2. Rédacteur / secrétaire de rédaction
3. Chargé d’édition et de correction
4. Chargé de médiation littéraire et culturelle
5. Assistant de recherche en littérature","— Enseignement et formation —
• Établissements d’enseignement secondaire, notamment après formation pédagogique
• Universités et institutions d’enseignement supérieur, notamment après poursuite d’études
• Centres de formation et de soutien scolaire
— Édition, médias et création —
• Maisons d’édition, en préparation et correction des manuscrits
• Rédactions de presse et médias culturels
• Structures de production de contenus et d’écriture
— Culture et médiation —
• Centres culturels, bibliothèques et médiathèques
• Structures d’animation littéraire et de lecture publique
• Projets culturels et festivals
— Communication et administration —
• Services de communication des entreprises et des administrations
• Services de rédaction administrative et de documentation
• Organisations non gouvernementales, en communication et plaidoyer",https://parcoursupguinee.org/offre-de-formation-en-licence-professionnelle-et-fondamentale
LIC-053,Licence,53,Licence fondamentale en Langue Arabe,Licence fondamentale,UGLCS ; UJNK ; UL ; UZ,4,SS-FA,12,"1. Mobiliser la grammaire arabe
2. Mettre en œuvre la conjugaison arabe
3. Développer l’expression écrite en arabe
4. Développer l’expression orale en arabe
5. Lire et interpréter les textes
6. Mettre en œuvre la littérature arabe
7. Appliquer les méthodes d’enseignement des langues
8. Préparer les cours
9. Évaluer les apprenants
10. Produire des supports pédagogiques
11. Réaliser la traduction entre l’arabe et le français
12. Gérer la classe","1. Enseignant d’arabe (après formation pédagogique)
2. Traducteur arabe-français
3. Chargé de relations avec les pays arabophones
4. Assistant de coopération culturelle
5. Chargé de contenus en langue arabe","— Enseignement de la langue arabe —
• Établissements d’enseignement secondaire, notamment après formation pédagogique
• Écoles et instituts d’enseignement de l’arabe
• Centres de formation en langues
— Traduction et médiation —
• Services de traduction et d’interprétation
• Structures de coopération avec les pays arabophones
• Agences de communication bilingue
— Culture, médias et coopération —
• Centres culturels et structures de promotion culturelle
• Médias arabophones et services de documentation
• Organisations internationales et organisations non gouvernementales
— Recherche et poursuite d’études —
• Universités et institutions d’enseignement supérieur, notamment après poursuite d’études
• Projets de recherche en langue et littérature arabes
• Centres de documentation et d’édition",https://parcoursupguinee.org/offre-de-formation-en-licence-professionnelle-et-fondamentale
LIC-054,Licence,54,"Licence professionnelle en Traduction Arabe, Interprétation et Médiation Interculturelle",Licence professionnelle,UGLCS ; UJNK ; UL ; UZ,4,SS-FA,12,"1. Traduire l’arabe vers le français
2. Traduire le français vers l’arabe
3. Réaliser l’interprétation consécutive
4. Réaliser l’interprétation simultanée
5. Traduire des documents juridiques
6. Traduire des documents commerciaux
7. Mobiliser la terminologie spécialisée
8. Utiliser les outils d’aide à la traduction
9. Assurer la médiation interculturelle
10. Assurer la révision et la relecture des traductions
11. Respecter l’éthique et la déontologie du traducteur
12. Gérer les projets de traduction","1. Traducteur professionnel arabe-français
2. Interprète de liaison et de conférence
3. Médiateur interculturel
4. Chargé de coopération internationale
5. Rédacteur bilingue","— Traduction et interprétation —
• Services de traduction des administrations et des entreprises
• Agences de traduction et cabinets indépendants
• Services d’interprétation de conférence et de liaison
— Diplomatie et coopération —
• Services des affaires étrangères et représentations diplomatiques
• Organisations internationales et régionales
• Projets de coopération avec les pays arabophones
— Commerce et entreprises —
• Entreprises d’import-export et de négoce international
• Services commerciaux et juridiques, en documents bilingues
• Structures d’accompagnement des investisseurs
— Médias, enseignement et entrepreneuriat —
• Médias et structures de production de contenus multilingues
• Établissements d’enseignement et centres de langues
• Création de cabinets de traduction et de médiation interculturelle",https://parcoursupguinee.org/offre-de-formation-en-licence-professionnelle-et-fondamentale
LIC-055,Licence,55,Licence fondamentale en Langue Anglaise,Licence fondamentale,UGLCS ; UJNK ; UL ; UK ; UZ,5,SS,12,"1. Assurer la maîtrise avancée de l’anglais
2. Mettre en œuvre la didactique de l’anglais langue étrangère
3. Préparer les séquences de cours
4. Animer la classe en anglais
5. Enseigner la compréhension orale
6. Enseigner l’expression écrite
7. Évaluer les apprentissages
8. Assurer la correction et la remédiation
9. Produire des supports didactiques
10. Utiliser les ressources numériques
11. Gérer la classe
12. Encadrer les activités linguistiques","1. Enseignant d’anglais (après formation pédagogique)
2. Traducteur et interprète
3. Assistant bilingue de direction
4. Chargé de communication internationale
5. Formateur en anglais professionnel","— Enseignement de l’anglais —
• Établissements d’enseignement secondaire, notamment après formation pédagogique
• Centres et instituts de langues
• Programmes de formation en anglais professionnel
— Traduction, médias et communication —
• Services de traduction et d’interprétation
• Médias et structures de production de contenus en anglais
• Services de communication internationale des entreprises
— Coopération, tourisme et affaires —
• Organisations internationales et organisations non gouvernementales
• Hôtellerie, tourisme et agences de voyages
• Entreprises d’import
— export et sociétés minières internationales. —
• Recherche et poursuite d’études —
• Universités et institutions d’enseignement supérieur, notamment après poursuite d’études
• Projets de recherche en langue et littérature anglaises
• Centres de documentation",https://parcoursupguinee.org/offre-de-formation-en-licence-professionnelle-et-fondamentale
LIC-056,Licence,56,Licence professionnelle en Bibliothéconomie et Information Numérique,Licence professionnelle,UJNK,1,SS + SS-FA,12,"1. Mettre en œuvre l’acquisition et la sélection des ouvrages
2. Cataloguer les documents
3. Mettre en œuvre la classification et l’indexation
4. Gérer les collections
5. Utiliser les logiciels de bibliothèque
6. Numériser les documents
7. Gérer les ressources numériques
8. Conduire la recherche documentaire avancée
9. Assurer l’accueil et l’orientation des usagers
10. Assurer l’animation culturelle en bibliothèque
11. Conserver les documents
12. Mobiliser les statistiques et rapports d’activité","1. Bibliothécaire
2. Gestionnaire de ressources documentaires numériques
3. Chargé de catalogage et d’indexation
4. Médiateur numérique en bibliothèque
5. Responsable de centre de documentation adjoint","— Bibliothèques et centres de ressources —
• Bibliothèques universitaires, scolaires et publiques
• Médiathèques et centres de ressources documentaires
• Bibliothèques spécialisées des institutions
— Gestion des ressources numériques —
• Services de numérisation et de gestion des collections électroniques
• Structures d’administration des logiciels documentaires
• Plateformes de diffusion des contenus scientifiques
— Administration, entreprises et médias —
• Centres de documentation des administrations et des entreprises
• Services d’archives et de documentation des médias
• Organisations non gouvernementales et projets, en gestion de l’information
— Animation culturelle et enseignement —
• Activités d’animation et de médiation en bibliothèque
• Établissements de formation en sciences de l’information
• Projets de promotion de la lecture",https://parcoursupguinee.org/offre-de-formation-en-licence-professionnelle-et-fondamentale
LIC-057,Licence,57,Licence professionnelle en Archivistique et Gestion Documentaire,Licence professionnelle,UJNK,1,SS + SS-FA,12,"1. Organiser le collecte et le versement des archives
2. Mettre en œuvre le tri et l’évaluation des documents
3. Mettre en œuvre le classement et la cotation
4. Réaliser la description archivistique
5. Élaborer les instruments de recherche
6. Assurer la conservation préventive des documents
7. Mettre en œuvre la numérisation et l’archivage électronique
8. Gérer les durées de conservation
9. Assurer la communication des documents aux usagers
10. Appliquer la réglementation des archives
11. Gérer les archives d’entreprise
12. Rédiger les procédures d’archivage","1. Archiviste
2. Records manager / gestionnaire documentaire
3. Chargé de numérisation et de conservation
4. Responsable de la gestion électronique des documents
5. Assistant de conservation d’archives","— Archives publiques et institutionnelles —
• Archives nationales, régionales et préfectorales
• Services d’archives des ministères et des collectivités
• Greffes et services de conservation des actes
— Entreprises et gestion documentaire —
• Services de gestion documentaire des entreprises et des banques
• Services d’archivage des sociétés minières et industrielles
• Structures de gestion électronique des documents
— Numérisation et conservation —
• Projets de numérisation et d’archivage électronique
• Services de conservation préventive
• Structures de gestion des durées de conservation
— Enseignement, recherche et conseil —
• Établissements de formation en archivistique
• Centres de recherche et de documentation historique
• Cabinets de conseil en organisation documentaire",https://parcoursupguinee.org/offre-de-formation-en-licence-professionnelle-et-fondamentale
LIC-058,Licence,58,"Licence professionnelle en Documentation, Veille et Gestion de l’Information Numérique",Licence professionnelle,UJNK,1,SS + SS-FA,12,"1. Conduire la recherche documentaire spécialisée
2. Évaluer la fiabilité des sources
3. Organiser la veille informationnelle
4. Mettre en œuvre l’indexation et la gestion le mots-clés
5. Assurer l’alimentation des bases de données documentaires
6. Mettre en œuvre le synthèse et la diffusion de l’information
7. Assurer la gestion électronique des documents
8. Utiliser les outils de veille automatisée
9. Assurer la protection et sécurité des données
10. Réaliser la cartographie de l’information
11. Former les usagers à la recherche
12. Rédiger des bulletins de veille","1. Documentaliste
2. Chargé de veille informationnelle et stratégique
3. Gestionnaire de contenus numériques
4. Analyste de l’information
5. Chargé de knowledge management","— Documentation et veille —
• Centres de documentation des administrations et des entreprises
• Services de veille informationnelle et stratégique
• Structures de gestion des bases documentaires
— Numérique et gestion de l’information —
• Services de gestion électronique des documents
• Projets de dématérialisation et de gouvernance de l’information
• Services de protection et de sécurité des données documentaires
— Médias, recherche et coopération —
• Services de documentation des médias
• Laboratoires et centres de recherche, en appui documentaire
• Organisations non gouvernementales et projets de développement
— Formation et entrepreneuriat —
• Formation des usagers à la recherche documentaire
• Établissements d’enseignement en sciences de l’information
• Création de services de veille et de conseil documentaire",https://parcoursupguinee.org/offre-de-formation-en-licence-professionnelle-et-fondamentale
LIC-059,Licence,59,Licence professionnelle en Patrimoine Historique et Culturel,Licence professionnelle,UJNK,1,SS + SS-FA,12,"1. Réaliser l’inventaire des biens patrimoniaux
2. Assurer la documentation et fiches d’inventaire
3. Assurer la conservation préventive des objets
4. Restaurer le base des collections
5. Mettre en œuvre la muséographie et mise en exposition
6. Assurer la médiation et visites guidées
7. Assurer la valorisation touristique du patrimoine
8. Collecter le patrimoine immatériel
9. Monter des projets culturels
10. Rechercher des financements culturels
11. Appliquer la réglementation du patrimoine
12. Rédiger des dossiers patrimoniaux","1. Chargé de valorisation du patrimoine
2. Guide-conférencier
3. Assistant de conservation de musée
4. Chargé de projets culturels et touristiques
5. Médiateur du patrimoine","— Patrimoine et musées —
• Musées, sites et monuments historiques
• Services d’inventaire et de conservation du patrimoine
• Structures de restauration et de conservation préventive
— Culture et médiation —
• Centres culturels et structures de médiation
• Projets de valorisation du patrimoine immatériel
• Festivals et manifestations culturelles
— Tourisme et développement local —
• Agences de tourisme culturel et de guidage
• Projets de développement touristique des territoires
• Collectivités locales, en valorisation du patrimoine
— Administration, coopération et recherche —
• Services publics chargés de la culture et du patrimoine
• Organisations internationales et organisations non gouvernementales culturelles
• Universités et centres de recherche, notamment après poursuite d’études",https://parcoursupguinee.org/offre-de-formation-en-licence-professionnelle-et-fondamentale
LIC-060,Licence,60,"Licence professionnelle en Littérature, Société et Communication",Licence professionnelle,UJNK ; UL ; UK,3,SS + SS-FA,12,"1. Analyser les textes littéraires
2. Analyser l’histoire littéraire
3. Mettre en œuvre les techniques de dissertation et le commentaire
4. Assurer l’écriture créative
5. Analyser les représentations sociales
6. Exercer le critique littéraire
7. Assurer l’animation culturelle
8. Rédiger pour les médias
9. Assurer l’édition et la préparation de manuscrits
10. Assurer la communication culturelle
11. Développer l’expression orale et la lecture publique
12. Conduire la recherche documentaire","1. Chargé de communication
2. Rédacteur de contenus
3. Animateur socioculturel
4. Chargé de relations publiques
5. Attaché de presse junior","— Médias et édition —
• Rédactions de presse écrite et médias en ligne
• Maisons d’édition et structures de production éditoriale
• Structures de production de contenus culturels
— Communication et culture —
• Services de communication des entreprises et des institutions
• Agences de communication et de création de contenus
• Centres culturels et structures d’animation
— Enseignement et formation —
• Établissements d’enseignement secondaire et supérieur, notamment après formation pédagogique
• Centres de formation en écriture et en communication
• Projets d’éducation culturelle
— Recherche, documentation et entrepreneuriat —
• Laboratoires et centres de recherche en littérature et communication
• Centres de documentation et bibliothèques
• Création d’entreprises de contenus et de services rédactionnels",https://parcoursupguinee.org/offre-de-formation-en-licence-professionnelle-et-fondamentale
LIC-061,Licence,61,Licence fondamentale en Littérature,Licence fondamentale,UJNK ; UL,2,SS + SS-FA,12,"1. Analyser les œuvres littéraires
2. Analyser l’histoire de la littérature
3. Mobiliser la grammaire et l’orthographe
4. Préparer les séquences pédagogiques
5. Mettre en œuvre les techniques d’animation de classe
6. Évaluer les apprentissages
7. Corriger les travaux d’élèves
8. Développer l’expression écrite et orale
9. Utiliser les supports pédagogiques
10. Gérer la classe
11. Conduire la remédiation et soutien scolaire
12. Encadrer les activités culturelles scolaires","1. Enseignant de littérature (après formation pédagogique)
2. Critique et chroniqueur littéraire
3. Chargé d’édition
4. Assistant de recherche en littérature
5. Chargé de programmation culturelle","— Enseignement et formation —
• Établissements d’enseignement secondaire, notamment après formation pédagogique
• Universités et institutions d’enseignement supérieur, notamment après poursuite d’études
• Centres de soutien scolaire et de préparation aux examens
— Édition et création littéraire —
• Maisons d’édition, en préparation et correction des manuscrits
• Structures de production littéraire et d’écriture
• Revues et publications culturelles
— Culture et médiation littéraire —
• Bibliothèques, médiathèques et centres culturels
• Clubs de lecture et activités d’animation littéraire
• Festivals et concours littéraires
— Médias, communication et recherche —
• Médias culturels, en critique et chronique
• Services de communication et de rédaction
• Laboratoires et centres de recherche en littérature",https://parcoursupguinee.org/offre-de-formation-en-licence-professionnelle-et-fondamentale
LIC-062,Licence,62,Licence professionnelle en Géomatique,Licence professionnelle,UJNK,1,SS + SS-FA,12,"1. Réaliser les levés topographiques de terrain
2. Réaliser le positionnement par satellite
3. Traiter les données de levé
4. Concevoir des bases de données spatiales
5. Conduire la production cartographique
6. Traiter les images satellitaires
7. Conduire l’analyse spatiale
8. Réaliser la modélisation numérique du terrain
9. Calculer des surfaces et des volumes
10. Réaliser la cartographie thématique
11. Diffuser les données géographiques en ligne
12. Rédiger des rapports cartographiques","1. Géomaticien
2. Technicien SIG et télédétection
3. Cartographe
4. Chargé d’études cadastrales et foncières
5. Analyste de données spatiales","— Topographie et cartographie —
• Services de topographie, du cadastre et de la cartographie
• Bureaux d’études en géomatique et en aménagement
• Entreprises de levés topographiques et d’implantation
— Mines, travaux publics et énergie —
• Services topographiques des sociétés minières
• Entreprises de travaux publics et de construction
• Projets d’infrastructures et de réseaux
— Environnement et gestion du territoire —
• Structures de gestion des ressources naturelles et des aires protégées
• Services d’urbanisme et de planification territoriale
• Projets de suivi environnemental par télédétection
— Administration, recherche et entrepreneuriat —
• Services publics chargés du foncier et de l’aménagement
• Laboratoires et centres de recherche en géomatique
• Création de cabinets de géomètre et de services cartographiques",https://parcoursupguinee.org/offre-de-formation-en-licence-professionnelle-et-fondamentale
LIC-063,Licence,63,Licence fondamentale en Linguistique,Licence fondamentale,UJNK,1,SS + SS-FA,12,"1. Analyser les sons de la langue
2. Analyser la formation le mots
3. Conduire l’analyse grammaticale et syntaxique
4. Analyser le sens et le vocabulaire
5. Décrire les langues
6. Réaliser la transcription phonétique
7. Collecter des données linguistiques
8. Analyser les variations de langue
9. Élaborer des lexiques et des dictionnaires
10. Appliquer à l’enseignement des langues
11. Assurer le traitement automatique de la langue
12. Rédiger des études linguistiques","1. Chargé d’études en linguistique appliquée
2. Terminologue
3. Assistant de recherche en linguistique
4. Formateur en langues
5. Chargé de traitement automatique du langage (junior)","— Enseignement et alphabétisation —
• Établissements d’enseignement secondaire, notamment après formation pédagogique
• Programmes d’alphabétisation et d’éducation non formelle
• Centres de formation en langues
— Langues nationales et documentation —
• Projets de description et de transcription des langues nationales
• Structures d’élaboration de lexiques et de manuels
• Centres de documentation linguistique
— Édition, médias et traduction —
• Maisons d’édition et services de correction
• Médias, en adaptation linguistique et sous-titrage
• Services de traduction et de terminologie
— Recherche et poursuite d’études —
• Laboratoires et centres de recherche en linguistique
• Universités et institutions d’enseignement supérieur, notamment après poursuite d’études
• Projets de sauvegarde des langues et des traditions orales",https://parcoursupguinee.org/offre-de-formation-en-licence-professionnelle-et-fondamentale
LIC-064,Licence,64,Licence professionnelle en Langue et Communication,Licence professionnelle,UJNK,1,SS + SS-FA,12,"1. Développer l’expression écrite
2. Développer l’expression orale
3. Mettre en œuvre les techniques de rédaction professionnelle
4. Analyser les discours
5. Assurer la communication institutionnelle
6. Mettre en œuvre les techniques d’interview et le reportage
7. Produire des supports de communication
8. Assurer la communication numérique
9. Entretenir les relations avec les médias
10. Organiser des événements
11. Assurer la communication interculturelle
12. Assurer la correction et la révision de textes","1. Chargé de communication multilingue
2. Assistant de direction bilingue
3. Rédacteur / traducteur
4. Formateur en communication professionnelle
5. Chargé de relations publiques","— Presse et médias —
• Rédactions de presse écrite, de radio et de télévision
• Médias en ligne et structures de production de contenus
• Services de documentation et d’analyse des médias
— Communication institutionnelle —
• Services de communication des administrations et des collectivités
• Services de communication des entreprises et des banques
• Services de relations presse et de porte
— parolat. —
• Agences et événementiel —
• Agences de communication et de publicité
• Structures d’organisation d’événements
• Services de communication numérique et de gestion des réseaux sociaux
— Société civile, formation et entrepreneuriat —
• Organisations non gouvernementales, en communication et plaidoyer
• Centres de formation en communication
• Création d’agences et de services de communication",https://parcoursupguinee.org/offre-de-formation-en-licence-professionnelle-et-fondamentale
LIC-065,Licence,65,Licence professionnelle en Développement Local et Gestion de Projets,Licence professionnelle,UJNK ; UL ; UK ; UZ,4,SS + SS-FA,12,"1. Établir le diagnostic territorial participatif
2. Planifier le développement local
3. Monter des projets locaux
4. Élaborer les budgets de projet
5. Mobiliser les financements
6. Animer les instances locales
7. Gérer les ressources du territoire
8. Coordonner les acteurs locaux
9. Assurer le suivi et l’évaluation des projets
10. Gérer les conflits locaux
11. Assurer la communication avec les populations
12. Rédiger les rapports de projet","1. Chargé de projets de développement local
2. Chargé de suivi-évaluation
3. Agent de développement communautaire
4. Coordonnateur de programme adjoint
5. Chargé de mobilisation des ressources","— Développement local et collectivités —
• Services de planification et de développement des collectivités locales
• Projets de développement territorial et communautaire
• Structures d’appui aux initiatives locales
— Projets et coopération —
• Projets et programmes des partenaires au développement
• Organisations non gouvernementales nationales et internationales
• Services de suivi et évaluation des projets
— Économie sociale et entrepreneuriat —
• Coopératives, mutuelles et groupements de producteurs
• Structures de microfinance et d’appui aux petites entreprises
• Création de bureaux d’études et de conseil en développement
— Administration et études —
• Services publics chargés de la décentralisation et du développement
• Cabinets d’études et de diagnostic territorial
• Observatoires du développement local",https://parcoursupguinee.org/offre-de-formation-en-licence-professionnelle-et-fondamentale
LIC-066,Licence,66,Licence professionnelle en Business Administration,Licence professionnelle,UJNK ; UL,2,SS + SS-FA,12,"1. Assurer la gestion générale de l’entreprise
2. Tenir la comptabilité et la finance d’entreprise
3. Mettre en œuvre le marketing et étude de marché
4. Gérer les ressources humaines
5. Gérer les opérations et la production
6. Conduire l’analyse stratégique
7. Pratiquer l’anglais des affaires
8. Conduire la négociation et la communication professionnelle
9. Gérer le projet
10. Pratiquer le commerce international
11. Analyser des données de gestion
12. Respecter l’éthique et responsabilité de l’entreprise","1. Assistant de direction / business analyst junior
2. Chargé de développement commercial
3. Chargé de gestion administrative et financière
4. Assistant chef de projet
5. Conseiller en création d’entreprise","— Entreprises et direction —
• Services administratifs, financiers et commerciaux des entreprises
• Services de direction et d’appui au pilotage
• Services des ressources humaines
— Banque, assurance et commerce international —
• Banques, assurances et établissements de microfinance
• Entreprises d’import-export et sociétés internationales
• Services de développement commercial et de marketing
— Conseil, audit et projets —
• Cabinets de conseil en management et en organisation
• Cabinets d’audit et d’expertise comptable
• Projets et programmes de développement, en gestion administrative
— Entrepreneuriat et poursuite d’études —
• Création et gestion d’entreprises
• Structures d’incubation et d’accompagnement
• Masters en administration des affaires ou en management",https://parcoursupguinee.org/offre-de-formation-en-licence-professionnelle-et-fondamentale
LIC-067,Licence,67,Licence professionnelle en Commerce International et Logistique,Licence professionnelle,UJNK ; UK ; ISCAEG,3,SE + SE-FA + SM,12,"1. Mettre en œuvre les techniques du commerce extérieur
2. Appliquer les procédures douanières
3. Mobiliser les règles de vente internationale
4. Mettre en œuvre le transport maritime et aérien
5. Assurer la documentation de l’import-export
6. Mettre en œuvre l’assurance des marchandises
7. Conduire la négociation commerciale internationale
8. Rechercher des fournisseurs et des marchés
9. Gérer les approvisionnements
10. Monter le financement des opérations internationales
11. Pratiquer l’anglais commercial
12. Gérer les risques du commerce international","1. Chargé d’opérations import-export
2. Déclarant en douane
3. Chargé de transit et de logistique internationale
4. Acheteur international junior
5. Chargé de gestion des approvisionnements","— Commerce international —
• Entreprises d’import-export et de négoce
• Services commerciaux internationaux des entreprises
• Structures d’appui à la promotion des exportations
— Logistique et transport —
• Entreprises de transport, de transit et de dédouanement
• Plateformes logistiques, ports et aéroports
• Services d’entreposage et de gestion des stocks
— Douanes, conformité et banque —
• Services des douanes et de la conformité réglementaire
• Services bancaires de financement du commerce extérieur
• Compagnies d’assurance transport
— Mines, industries et entrepreneuriat —
• Services d’approvisionnement des sociétés minières et industrielles
• Centrales d’achat et sociétés de distribution
• Création d’entreprises de transit et de commerce international",https://parcoursupguinee.org/offre-de-formation-en-licence-professionnelle-et-fondamentale
LIC-068,Licence,68,Licence fondamentale en Géologie,Licence fondamentale,UJNK,1,SE + SE-FA,12,"1. Identifier les roches et les minéraux
2. Réaliser la cartographie géologique de terrain
3. Réaliser la description et l’interprétation des sondages
4. Conduire l’analyse structurale des terrains
5. Conduire la prospection des ressources minérales
6. Analyser les eaux souterraines
7. Utiliser les systèmes d’information géographique
8. Réaliser l’échantillonnage et la préparation des roches
9. Prévenir les risques naturels
10. Interpréter les données géophysiques
11. Traiter les données de terrain
12. Rédiger des rapports géologiques","1. Géologue junior
2. Technicien d’exploration géologique
3. Assistant de recherche en géosciences
4. Chargé d’études hydrogéologiques
5. Technicien de laboratoire géologique","— Mines et exploration —
• Sociétés minières et d’exploration
• Services de prospection et d’évaluation des gisements
• Laboratoires de description et d’analyse des échantillons
— Eau, environnement et risques —
• Structures de gestion des ressources en eau et d’hydrogéologie
• Services de suivi environnemental et de réhabilitation des sites
• Structures de prévention des risques naturels
— Génie civil et travaux publics —
• Bureaux d’études géotechniques
• Entreprises de construction et de travaux publics
• Services d’études des matériaux et des fondations
— Administration, recherche et enseignement —
• Services publics chargés des mines et de la géologie
• Laboratoires et centres de recherche en sciences de la Terre
• Universités et établissements d’enseignement, notamment après poursuite d’études",https://parcoursupguinee.org/offre-de-formation-en-licence-professionnelle-et-fondamentale
LIC-069,Licence,69,Licence fondamentale en Physique,Licence fondamentale,UJNK,1,SE + SE-FA + SM,12,"1. Mobiliser la mécanique et étude du mouvement
2. Mobiliser l’électricité et le magnétisme
3. Mobiliser la thermodynamique et transferts de chaleur
4. Mobiliser l’optique et la propagation de la lumière
5. Mobiliser le physique quantique et atomique
6. Réaliser la mesure physique et l’instrumentation
7. Traiter les incertitudes de mesure
8. Conduire l’expérimentation en laboratoire
9. Modéliser les phénomènes physiques
10. Enseigner la physique
11. Mettre en œuvre la programmation appliquée à la physique
12. Rédiger des comptes rendus expérimentaux","1. Technicien supérieur de laboratoire de physique
2. Enseignant de physique (après formation pédagogique)
3. Assistant de recherche en physique
4. Technicien en instrumentation et mesures
5. Préparateur de travaux pratiques","— Enseignement et recherche —
• Universités et institutions d’enseignement supérieur, notamment après poursuite d’études
• Établissements d’enseignement secondaire, notamment après formation pédagogique
• Laboratoires et centres de recherche en physique
— Énergie et industrie —
• Sociétés de production et de distribution d’énergie
• Unités industrielles et services techniques
• Entreprises d’énergies renouvelables
— Métrologie, santé et instrumentation —
• Services de métrologie et d’étalonnage
• Services d’imagerie médicale et de radioprotection
• Laboratoires d’essais et de mesures
— Environnement et coopération scientifique —
• Services météorologiques et de surveillance environnementale
• Projets scientifiques nationaux et internationaux
• Centres de calcul et de modélisation",https://parcoursupguinee.org/offre-de-formation-en-licence-professionnelle-et-fondamentale
LIC-070,Licence,70,Licence professionnelle en Management de la Qualité et Normalisation,Licence professionnelle,ISSMV,1,SE + SE-FA + SM,12,"1. Élaborer le système de management de la qualité
2. Rédiger les procédures et les manuels
3. Appliquer les normes internationales
4. Préparer les audits de certification
5. Réaliser les audits internes
6. Traiter les non-conformités
7. Mobiliser les actions correctives et préventives
8. Mobiliser les documents et les enregistrements
9. Mettre en œuvre la métrologie et l’étalonnage
10. Former le personnel à la qualité
11. Mesurer la satisfaction des clients
12. Conduire l’amélioration continue le processus","1. Chargé de management de la qualité
2. Auditeur qualité interne
3. Chargé de normalisation et de certification
4. Animateur QHSE
5. Chargé d’amélioration continue","— Qualité en entreprise —
• Services qualité des unités industrielles et agroalimentaires
• Services d’assurance qualité des laboratoires
• Services de gestion documentaire de la qualité
— Normalisation, certification et audit —
• Organismes de normalisation et de certification
• Cabinets d’audit et de conseil en systèmes de management
• Services d’inspection et de contrôle de conformité
— Santé, mines et services —
• Établissements de santé, en démarche qualité et sécurité des soins
• Sociétés minières, en qualité, hygiène, sécurité et environnement
• Entreprises de services et hôtellerie, en qualité de service
— Administration, formation et entrepreneuriat —
• Services publics chargés de la qualité et de la métrologie
• Centres de formation en management de la qualité
• Création de cabinets de conseil et d’audit",https://parcoursupguinee.org/offre-de-formation-en-licence-professionnelle-et-fondamentale
LIC-071,Licence,71,Licence professionnelle en Santé et Production Animale,Licence professionnelle,ISSMV,1,SE + SE-FA,12,"1. Conduire les élevages de ruminants
2. Conduire les élevages de volailles
3. Assurer l’alimentation et le rationnement du bétail
4. Gérer la reproduction animale
5. Mettre en œuvre la prophylaxie sanitaire le troupeaux
6. Détecter les maladies animales
7. Conduire l’amélioration génétique du cheptel
8. Appliquer les règles d’hygiène et la gestion des bâtiments d’élevage
9. Conduire la production laitière et la transformation
10. Assurer la gestion technico-économique de l’exploitation
11. Commercialiser les produits animaux
12. Mettre en œuvre la vulgarisation auprès des éleveurs","1. Technicien supérieur en production animale
2. Chargé de santé animale
3. Conseiller d’élevage
4. Chargé de suivi sanitaire des troupeaux
5. Assistant technique en projet d’élevage","— Élevage et productions animales —
• Fermes d’élevage de ruminants, de volailles et de porcins
• Unités de production laitière et avicole
• Services d’appui technique aux éleveurs
— Santé animale et prophylaxie —
• Services vétérinaires publics et postes d’inspection
• Campagnes de vaccination et programmes de prophylaxie
• Cliniques et pharmacies vétérinaires, en appui technique
— Alimentation animale et intrants —
• Unités de production d’aliments pour animaux
• Entreprises de distribution d’intrants et d’équipements d’élevage
• Services de conseil en rationnement et en zootechnie
— Projets, vulgarisation et entrepreneuriat —
• Projets et programmes de développement de l’élevage
• Services de vulgarisation et coopératives d’éleveurs
• Création de fermes et d’unités de production animale",https://parcoursupguinee.org/offre-de-formation-en-licence-professionnelle-et-fondamentale
LIC-072,Licence,72,Licence professionnelle en Transformation et Valorisation des Produits Halieutiques,Licence professionnelle,ISSMV,1,SE + SE-FA + SM,12,"1. Mettre en œuvre les techniques de fumage du poisson
2. Mettre en œuvre le séchage et le salage des produits
3. Mettre en œuvre la congélation et la surgélation
4. Mettre en œuvre la conserverie et l’appertisation
5. Fabriquer des farines et le sous-produits
6. Contrôler la fraîcheur des produits
7. Appliquer les règles d’hygiène des ateliers de transformation
8. Prévenir les risques sanitaires
9. Mettre en œuvre l’emballage et l’étiquetage des produits
10. Gérer la chaîne du froid
11. Développer le nouveaux produits
12. Commercialiser les produits transformés","1. Technicien en transformation des produits halieutiques
2. Responsable qualité en filière halieutique
3. Chargé de valorisation des produits de la pêche
4. Chef d’unité de transformation adjoint
5. Chargé de contrôle sanitaire des produits de la mer","— Transformation des produits halieutiques —
• Unités de fumage, de séchage et de salage du poisson
• Ateliers de conserverie et de congélation
• Unités de valorisation des sous
— produits. —
• Qualité et sécurité sanitaire —
• Laboratoires de contrôle des produits de la mer
• Services d’hygiène et de sécurité sanitaire des ateliers
• Organismes d’inspection et de certification à l’exportation
— Commercialisation et logistique —
• Entreprises exportatrices de produits halieutiques
• Services de la chaîne du froid et de la logistique
• Marchés, coopératives et réseaux de distribution
— Projets, appui technique et entrepreneuriat —
• Projets de développement de la filière halieutique
• Services d’appui aux groupements de transformatrices
• Création d’unités artisanales de transformation",https://parcoursupguinee.org/offre-de-formation-en-licence-professionnelle-et-fondamentale
LIC-073,Licence,73,Licence professionnelle en Architecture Intérieure et Design d’Espace,Licence professionnelle,ISAU,1,SE + SE-FA + SM,12,"1. Concevoir les espaces intérieurs
2. Réaliser le dessin technique d’aménagement
3. Réaliser la modélisation tridimensionnelle
4. Choisir les matériaux et les revêtements
5. Assurer l’éclairage intérieur
6. Concevoir le mobilier
7. Mettre en œuvre l’harmonie des couleurs et des ambiances
8. Mettre en œuvre l’ergonomie et la circulation dans l’espace
9. Établir l’estimation des coûts d’aménagement
10. Assurer le suivi le travaux d’aménagement
11. Assurer la coordination avec les artisans
12. Assurer la présentation des projets aux clients","1. Architecte d’intérieur
2. Designer d’espace
3. Décorateur-scénographe
4. Chargé d’aménagement d’espaces commerciaux
5. Chef de projet agencement","— Design et aménagement intérieur —
• Cabinets de design et d’architecture d’intérieur
• Entreprises de décoration et d’agencement
• Ateliers de conception et de fabrication de mobilier
— Hôtellerie, commerce et immobilier —
• Hôtels, restaurants et espaces d’accueil
• Enseignes commerciales et espaces de vente
• Sociétés de promotion immobilière et de résidences
— Événementiel et scénographie —
• Structures d’organisation d’événements et de salons
• Services de scénographie et de stands d’exposition
• Studios de production audiovisuelle, en décors
— Entrepreneuriat et formation —
• Création d’ateliers et de studios de design
• Centres de formation en design et en arts appliqués
• Coordination d’artisans et de corps de métiers",https://parcoursupguinee.org/offre-de-formation-en-licence-professionnelle-et-fondamentale
LIC-074,Licence,74,Licence professionnelle en Patrimoine Architectural et Restauration,Licence professionnelle,ISAU,1,SE + SE-FA + SM,12,"1. Réaliser l’inventaire du patrimoine bâti
2. Mettre en œuvre le relevé et la documentation des édifices
3. Diagnostiquer l’état des constructions
4. Mettre en œuvre les techniques de construction anciennes
5. Choisir les matériaux traditionnels
6. Mettre en œuvre les techniques de restauration
7. Assurer la conservation préventive des édifices
8. Appliquer la réglementation de la protection du patrimoine
9. Monter les dossiers de restauration
10. Assurer la valorisation touristique du patrimoine bâti
11. Assurer le suivi des chantiers de restauration
12. Rédiger les rapports patrimoniaux","1. Chargé de restauration du patrimoine bâti
2. Assistant de conservation architecturale
3. Chargé d’inventaire du patrimoine
4. Conducteur de travaux de restauration
5. Chargé de valorisation patrimoniale","— Patrimoine bâti et restauration —
• Services publics chargés du patrimoine et de la culture
• Musées, sites historiques et monuments
• Cabinets spécialisés en diagnostic et restauration du bâti
— Collectivités et aménagement —
• Services techniques et d’urbanisme des collectivités
• Projets de réhabilitation des centres anciens
• Structures de protection et de classement du patrimoine
— Chantiers et artisanat —
• Entreprises de restauration et de construction traditionnelle
• Ateliers d’artisans et de savoir-faire anciens
• Services de suivi des chantiers de restauration
— Tourisme, coopération et recherche —
• Agences de tourisme culturel et de valorisation
• Organisations internationales et projets de coopération patrimoniale
• Universités et centres de recherche, notamment après poursuite d’études",https://parcoursupguinee.org/offre-de-formation-en-licence-professionnelle-et-fondamentale
LIC-075,Licence,75,"Licence professionnelle en Habitat, Logement et Développement Urbain",Licence professionnelle,ISAU,1,SE + SE-FA + SM,12,"1. Diagnostiquer les besoins en logement
2. Programmer les opérations d’habitat
3. Monter les projets de logement social
4. Analyser le foncier urbain
5. Monter le financement de l’habitat
6. Appliquer la réglementation de la construction
7. Améliorer les quartiers précaires
8. Mettre en œuvre la viabilisation et équipements de base
9. Conduire la concertation avec les habitants
10. Gérer le parc de logements
11. Assurer le suivi des opérations immobilières
12. Rédiger les rapports d’opération","1. Chargé d’études en habitat et logement
2. Chargé de projets d’aménagement urbain
3. Assistant de maîtrise d’ouvrage sociale
4. Chargé d’opérations immobilières
5. Chargé de programmes d’habitat","— Habitat et logement —
• Agences et sociétés de promotion du logement
• Services publics chargés de l’habitat et de la construction
• Programmes de logement social et de résorption de l’habitat précaire
— Collectivités et développement urbain —
• Services techniques et d’urbanisme des collectivités locales
• Projets de restructuration et de viabilisation des quartiers
• Services de gestion foncière
— Immobilier et financement —
• Sociétés de promotion immobilière et de gestion locative
• Banques et institutions de financement de l’habitat
• Bureaux d’études et de programmation urbaine
— Coopération et recherche —
• Organisations internationales et projets d’habitat durable
• Organisations non gouvernementales, en amélioration du cadre de vie
• Observatoires et centres d’études urbaines",https://parcoursupguinee.org/offre-de-formation-en-licence-professionnelle-et-fondamentale
LIC-076,Licence,76,Licence professionnelle en Langue Anglaise,Licence professionnelle,ISSEG,1,SS,12,"1. Assurer la maîtrise avancée de l’anglais
2. Mettre en œuvre la didactique de l’anglais langue étrangère
3. Préparer les séquences de cours
4. Animer la classe en anglais
5. Enseigner la compréhension orale
6. Enseigner l’expression écrite
7. Évaluer les apprentissages
8. Assurer la correction et la remédiation
9. Produire des supports didactiques
10. Utiliser les ressources numériques
11. Gérer la classe
12. Encadrer les activités linguistiques","1. Professeur d’anglais du secondaire
2. Formateur en anglais
3. Conseiller pédagogique en langues
4. Concepteur de supports didactiques
5. Encadreur pédagogique adjoint","— Enseignement et formation en anglais —
• Établissements d’enseignement secondaire, notamment après formation pédagogique
• Centres et instituts de langues
• Programmes de formation en anglais professionnel
— Traduction et communication —
• Services de traduction et d’interprétation
• Services de communication internationale des entreprises
• Médias et structures de production de contenus en anglais
— Coopération, mines et tourisme —
• Organisations internationales et organisations non gouvernementales
• Sociétés minières et entreprises internationales
• Hôtellerie, tourisme et agences de voyages
— Poursuite d’études et entrepreneuriat —
• Masters en langues, traduction ou didactique
• Centres de formation privés en langues
• Création de services de cours et de traduction",https://parcoursupguinee.org/offre-de-formation-en-licence-professionnelle-et-fondamentale
LIC-077,Licence,77,Licence professionnelle en Langue Française,Licence professionnelle,ISSEG,1,SS,12,"1. Mobiliser la grammaire française
2. Mobiliser l’orthographe et la conjugaison
3. Conduire l’analyse littéraire
4. Mettre en œuvre la didactique du français
5. Préparer les séquences de cours
6. Enseigner la lecture et l’écriture
7. Évaluer les apprentissages
8. Corriger les copies
9. Produire des supports pédagogiques
10. Conduire la remédiation des difficultés d’apprentissage
11. Gérer la classe
12. Animer les activités culturelles","1. Professeur de français du secondaire
2. Formateur en expression écrite et orale
3. Conseiller pédagogique en français
4. Concepteur de manuels et supports
5. Encadreur pédagogique adjoint","— Enseignement du français —
• Établissements d’enseignement secondaire, notamment après formation pédagogique
• Centres de formation et de soutien scolaire
• Programmes d’alphabétisation et d’éducation non formelle
— Édition, presse et correction —
• Maisons d’édition et services de correction
• Rédactions de presse et médias
• Services de rédaction administrative et institutionnelle
— Communication et culture —
• Services de communication des entreprises et des administrations
• Centres culturels et bibliothèques
• Projets d’animation culturelle et littéraire
— Formation continue et poursuite d’études —
• Centres de formation en langues et en expression écrite
• Masters en didactique du français ou en lettres
• Projets de production de manuels et de supports pédagogiques",https://parcoursupguinee.org/offre-de-formation-en-licence-professionnelle-et-fondamentale
LIC-078,Licence,78,Licence professionnelle en Géographie-Économie,Licence professionnelle,ISSEG,1,SS + SS-FA,12,"1. Mobiliser les savoirs géographiques
2. Mobiliser les savoirs économiques
3. Lire et établir les cartes
4. Analyser les données statistiques
5. Mettre en œuvre la didactique de la géographie
6. Préparer les séquences de cours
7. Conduire des sorties de terrain
8. Évaluer les apprentissages
9. Produire des supports pédagogiques
10. Utiliser les outils cartographiques
11. Gérer la classe
12. Assurer l’éducation au développement durable","1. Professeur de géographie et d’économie du secondaire
2. Formateur en sciences sociales
3. Conseiller pédagogique
4. Concepteur de supports didactiques
5. Chargé d’études territoriales","— Enseignement secondaire —
• Établissements d’enseignement secondaire, en géographie et en économie
• Centres de soutien scolaire et de préparation aux examens
• Structures de formation des enseignants
— Aménagement et collectivités —
• Services d’aménagement du territoire et d’urbanisme
• Services techniques et de planification des collectivités locales
• Projets de développement territorial
— Études économiques et statistiques —
• Services d’études et de planification des administrations
• Instituts de statistique et observatoires
• Cabinets d’études et de conseil
— Environnement, coopération et recherche —
• Structures de gestion des ressources naturelles
• Projets et programmes des partenaires au développement
• Universités et centres de recherche, notamment après poursuite d’études",https://parcoursupguinee.org/offre-de-formation-en-licence-professionnelle-et-fondamentale
LIC-079,Licence,79,Licence professionnelle en Philosophie-Histoire-ECM,Licence professionnelle,ISSEG,1,SS + SS-FA,12,"1. Mobiliser les savoirs philosophiques
2. Mobiliser les savoirs historiques
3. Assurer l’éducation civique et morale
4. Mettre en œuvre la didactique des sciences humaines
5. Construire l’argumentation
6. Préparer les séquences de cours
7. Animer des débats en classe
8. Évaluer les apprentissages
9. Corriger les dissertations
10. Produire des supports pédagogiques
11. Gérer la classe
12. Assurer l’éducation à la citoyenneté","1. Professeur de philosophie, d’histoire et d’ECM
2. Formateur en éducation à la citoyenneté
3. Conseiller pédagogique
4. Concepteur de programmes d’enseignement
5. Encadreur pédagogique adjoint","— Enseignement secondaire —
• Établissements d’enseignement secondaire, en philosophie, histoire et éducation civique
• Centres de soutien scolaire et de préparation aux examens
• Structures de formation des enseignants
— Éducation citoyenne et société civile —
• Programmes d’éducation à la citoyenneté et aux droits humains
• Organisations de la société civile et organisations non gouvernementales
• Structures de médiation et de prévention des conflits
— Patrimoine, archives et culture —
• Services d’archives et centres de documentation
• Musées et structures du patrimoine
• Centres culturels et projets de mémoire
— Médias, recherche et poursuite d’études —
• Médias, en analyse et chronique
• Laboratoires et centres de recherche en sciences humaines
• Masters en philosophie, histoire ou sciences de l’éducation",https://parcoursupguinee.org/offre-de-formation-en-licence-professionnelle-et-fondamentale
LIC-080,Licence,80,Licence professionnelle en Mathématiques-Physique,Licence professionnelle,ISSEG,1,SE + SE-FA + SM,12,"1. Mobiliser les savoirs mathématiques
2. Mobiliser les savoirs physiques
3. Mettre en œuvre la didactique des mathématiques
4. Mettre en œuvre la didactique de la physique
5. Préparer les séquences de cours
6. Conduire les travaux pratiques
7. Évaluer les apprentissages
8. Assurer la correction et la remédiation
9. Produire des supports pédagogiques
10. Utiliser les outils numériques en classe
11. Gérer la classe
12. Encadrer les activités scientifiques","1. Professeur de mathématiques et de physique du secondaire
2. Formateur en sciences exactes
3. Conseiller pédagogique scientifique
4. Concepteur de supports et d’évaluations
5. Encadreur de laboratoire pédagogique","— Enseignement secondaire —
• Établissements d’enseignement secondaire, en mathématiques et en physique
• Centres de soutien scolaire et de préparation aux concours
• Structures de formation et d’encadrement des enseignants
— Laboratoires et travaux pratiques —
• Laboratoires pédagogiques des établissements
• Services de préparation des expériences et du matériel scientifique
• Projets d’équipement des laboratoires scolaires
— Ingénierie et statistique —
• Bureaux d’études techniques, en appui au calcul
• Services d’analyse de données et de statistique
• Services techniques des entreprises industrielles
— Édition scolaire, recherche et poursuite d’études —
• Production de manuels et de supports pédagogiques
• Projets de recherche en didactique des sciences
• Masters en mathématiques, physique ou sciences de l’éducation",https://parcoursupguinee.org/offre-de-formation-en-licence-professionnelle-et-fondamentale
LIC-081,Licence,81,Licence professionnelle en Biologie-Géologie,Licence professionnelle,ISSEG,1,SE + SE-FA,12,"1. Mobiliser les savoirs en biologie
2. Mobiliser les savoirs en géologie
3. Mettre en œuvre la didactique des sciences de la vie et la terre
4. Conduire les travaux pratiques
5. Organiser les sorties de terrain
6. Préparer les séquences de cours
7. Évaluer les apprentissages
8. Produire des supports pédagogiques
9. Utiliser le microscope et le matériel scientifique
10. Assurer l’éducation à l’environnement
11. Gérer la classe
12. Encadrer les clubs scientifiques","1. Professeur de biologie et de géologie du secondaire
2. Formateur en sciences de la vie et de la Terre
3. Conseiller pédagogique scientifique
4. Préparateur de travaux pratiques
5. Concepteur de supports didactiques","— Enseignement secondaire —
• Établissements d’enseignement secondaire, en sciences de la vie et de la terre
• Centres de soutien scolaire et de préparation aux examens
• Structures de formation des enseignants
— Laboratoires et sorties de terrain —
• Laboratoires pédagogiques et plateformes de travaux pratiques
• Organisation des sorties géologiques et biologiques
• Services de gestion du matériel scientifique
— Environnement et santé —
• Structures de gestion de l’environnement et de la biodiversité
• Programmes d’éducation environnementale
• Laboratoires d’analyses, en appui technique
— Édition scolaire, recherche et poursuite d’études —
• Production de manuels et de supports pédagogiques
• Laboratoires et centres de recherche en sciences naturelles
• Masters en biologie, géologie ou didactique des sciences",https://parcoursupguinee.org/offre-de-formation-en-licence-professionnelle-et-fondamentale
LIC-082,Licence,82,Licence professionnelle en Physique-Chimie-Technologie,Licence professionnelle,ISSEG,1,SE + SE-FA + SM,12,"1. Mobiliser les savoirs physiques
2. Mobiliser les savoirs chimiques
3. Mobiliser les notions de technologie
4. Mettre en œuvre la didactique des sciences
5. Assurer la préparation et conduite des expériences
6. Assurer la sécurité au laboratoire scolaire
7. Préparer les séquences de cours
8. Évaluer les apprentissages
9. Produire des supports pédagogiques
10. Entretenir le matériel de laboratoire
11. Gérer la classe
12. Encadrer les projets techniques des élèves","1. Professeur de physique, chimie et technologie
2. Formateur en sciences et technologie
3. Conseiller pédagogique scientifique
4. Préparateur de laboratoire
5. Concepteur de supports didactiques","— Enseignement secondaire et technique —
• Établissements d’enseignement secondaire, en physique, chimie et technologie
• Centres et lycées techniques
• Structures de formation des enseignants
— Laboratoires et ateliers pédagogiques —
• Laboratoires de physique et de chimie des établissements
• Ateliers technologiques et de travaux pratiques
• Services de sécurité et de gestion du matériel de laboratoire
— Industrie et laboratoires —
• Unités industrielles, en appui technique et contrôle
• Laboratoires d’analyses et de contrôle qualité
• Services de maintenance des équipements techniques
— Édition scolaire, recherche et poursuite d’études —
• Production de manuels et de supports pédagogiques
• Projets de recherche en didactique des sciences
• Masters en physique, chimie ou sciences de l’éducation",https://parcoursupguinee.org/offre-de-formation-en-licence-professionnelle-et-fondamentale
LIC-083,Licence,83,Licence professionnelle en Transformation Numérique des Organisations,Licence professionnelle,UL,1,SE + SE-FA + SM,12,"1. Analyser les processus de l’organisation
2. Diagnostiquer la maturité numérique
3. Élaborer l’une feuille de route numérique
4. Justifier le choix et le paramétrage des outils numériques
5. Gérer des projets de digitalisation
6. Accompagner au changement
7. Former les équipes aux outils numériques
8. Mettre en œuvre la dématérialisation des documents
9. Analyser les données de l’organisation
10. Assurer la sécurité et la protection des données
11. Mesurer les gains et les performances
12. Rédiger des rapports de mission","1. Chargé de transformation numérique
2. Consultant junior en digitalisation des processus
3. Chef de projet numérique
4. Analyste métier (business analyst)
5. Chargé de conduite du changement","— Transformation numérique des organisations —
• Services de digitalisation des entreprises et des administrations
• Projets de dématérialisation et de modernisation des procédures
• Services d’organisation et de gestion des processus
— Conseil et accompagnement du changement —
• Cabinets de conseil en transformation numérique
• Services de formation et d’accompagnement des utilisateurs
• Structures d’audit des systèmes d’information
— Banque, télécoms et services —
• Banques, assurances et établissements de microfinance
• Opérateurs de télécommunications et fournisseurs de services numériques
• Entreprises de commerce et de distribution
— Données, sécurité et entrepreneuriat —
• Services d’analyse de données et de pilotage de la performance
• Services de protection des données et de conformité
• Création d’entreprises de services numériques",https://parcoursupguinee.org/offre-de-formation-en-licence-professionnelle-et-fondamentale
LIC-084,Licence,84,"Licence professionnelle en Traduction, Interprétation et Localisation",Licence professionnelle,UL ; UK ; UZ,3,SS + SS-FA,12,"1. Réaliser la traduction générale
2. Réaliser la traduction technique et scientifique
3. Réaliser l’interprétation consécutive
4. Réaliser l’interprétation simultanée
5. Mettre en œuvre le sous-titrage et la traduction audiovisuelle
6. Assurer la localisation de sites internet
7. Assurer la localisation de logiciels
8. Mobiliser la terminologie et la constitution de glossaires
9. Mobiliser les outils d’aide à la traduction
10. Assurer la révision et contrôla qualité des traductions
11. Gérer des projets de traduction
12. Respecter la déontologie professionnelle","1. Traducteur professionnel
2. Interprète de conférence et de liaison
3. Localisateur de contenus et de logiciels
4. Réviseur linguistique
5. Chargé de projets de traduction","— Traduction et interprétation —
• Agences de traduction et cabinets indépendants
• Services de traduction des administrations et des entreprises
• Services d’interprétation de conférence et de liaison
— Localisation et numérique —
• Structures de localisation de sites internet et de logiciels
• Services de sous-titrage et de traduction audiovisuelle
• Entreprises de production de contenus multilingues
— Organisations internationales et coopération —
• Organisations internationales et régionales
• Organisations non gouvernementales et projets de coopération
• Représentations diplomatiques et missions étrangères
— Mines, médias et entrepreneuriat —
• Sociétés minières et entreprises internationales
• Médias et maisons d’édition
• Création de cabinets de traduction et de localisation",https://parcoursupguinee.org/offre-de-formation-en-licence-professionnelle-et-fondamentale
LIC-085,Licence,85,Licence professionnelle en Langue Arabe Appliquée aux Affaires et au Commerce International,Licence professionnelle,UL,1,SS-FA,12,"1. Mettre en œuvre l’arabe commercial et les affaires
2. Mettre en œuvre la correspondance commerciale en arabe
3. Conduire la négociation commerciale en arabe
4. Traduire des documents commerciaux
5. Mettre en œuvre les techniques du commerce extérieur
6. Appliquer les procédures douanières et documentaires
7. Cultiver les affaires du monde arabe
8. Conduire la prospection de partenaires étrangers
9. Réaliser l’interprétation lors des rencontres d’affaires
10. Rédiger des contrats bilingues
11. Mettre en œuvre le marketing international
12. Gérer les relations commerciales","1. Traducteur commercial arabe-français
2. Chargé d’affaires avec les marchés arabophones
3. Assistant import-export bilingue
4. Interprète d’affaires
5. Chargé de relations commerciales internationales","— Commerce international et affaires —
• Entreprises d’import-export et de négoce
• Services commerciaux tournés vers les pays arabophones
• Structures de promotion des investissements
— Traduction commerciale et juridique —
• Services de traduction des documents commerciaux et contractuels
• Cabinets de traduction et d’interprétation d’affaires
• Services de rédaction bilingue des entreprises
— Banque, transit et logistique —
• Banques islamiques et services de financement du commerce
• Entreprises de transit et de dédouanement
• Plateformes logistiques et sociétés de transport international
— Coopération, enseignement et entrepreneuriat —
• Organisations et fonds de coopération arabes
• Établissements d’enseignement et centres de langues
• Création d’entreprises d’import-export et de services linguistiques",https://parcoursupguinee.org/offre-de-formation-en-licence-professionnelle-et-fondamentale
LIC-086,Licence,86,Licence professionnelle en Anthropologie,Licence professionnelle,UL,1,SS + SS-FA,12,"1. Conduire l’analyse culturelle des pratiques de santé
2. Conduire l’enquête qualitative en milieu de santé
3. Analyser les représentations de la maladie
4. Analyser les recours aux soins
5. Assurer la médiation entre soignants et communautés
6. Mobiliser l’anthropologie des épidémies
7. Exploiter les systèmes de soins traditionnels
8. Assurer la communication pour le changement de comportement
9. Conduire l’évaluation sociale des programmes de santé
10. Analyser les inégalités d’accès aux soins
11. Conduire la recherche appliquée en santé publique
12. Rédiger des rapports d’étude","1. Chargé d’études anthropologiques
2. Chargé d’études socio-culturelles en projet de développement
3. Assistant de recherche en anthropologie
4. Médiateur culturel et communautaire
5. Chargé de sauvegarde du patrimoine immatériel","— Études sociales et développement —
• Projets et programmes de développement communautaire
• Organisations non gouvernementales et organisations de la société civile
• Services d’études et de diagnostic social
— Santé, culture et médiation —
• Programmes de santé communautaire et de sensibilisation
• Structures culturelles et de valorisation du patrimoine immatériel
• Services de médiation sociale et interculturelle
— Entreprises et responsabilité sociale —
• Services de responsabilité sociale des sociétés minières et industrielles
• Services de relations avec les communautés riveraines
• Structures de gestion des conflits sociaux
— Recherche, enseignement et coopération —
• Laboratoires et centres de recherche en anthropologie
• Universités et établissements d’enseignement, notamment après poursuite d’études
• Organisations internationales et projets de coopération",https://parcoursupguinee.org/offre-de-formation-en-licence-professionnelle-et-fondamentale
LIC-087,Licence,87,Licence professionnelle en Biologie moléculaire et Biotechnologies,Licence professionnelle,UL,1,SE + SE-FA,12,"1. Conduire l’extraction et la purification du matériel génétique
2. Mettre en œuvre l’amplification génique et analyse des gènes
3. Mettre en œuvre le clonage et la manipulation génétique
4. Mettre en œuvre le séquençage et la lecture des génomes
5. Cultiver des cellules et le tissus
6. Produire des molécules par voie biologique
7. Conduire l’analyse informatique des séquences biologiques
8. Mettre en œuvre le contrôla qualité des produits biologiques
9. Mettre en œuvre le respect des règles de biosécurité en laboratoire
10. Conduire l’une expérimentation scientifique
11. Rédiger des rapports scientifiques
12. Assurer la gestion et entretien d’un laboratoire","1. Technicien supérieur en biologie moléculaire
2. Technicien en biotechnologie
3. Assistant de recherche en génie génétique
4. Technicien de laboratoire de diagnostic moléculaire
5. Chargé de contrôle qualité en bioproduction","— Laboratoires de biologie moléculaire —
• Laboratoires de génétique et de diagnostic moléculaire
• Plateformes de séquençage et de culture cellulaire
• Laboratoires hospitaliers spécialisés
— Biotechnologies et industrie —
• Entreprises de biotechnologie
• Unités de production et de contrôle des produits biologiques
• Industries pharmaceutiques et agroalimentaires
— Agriculture, environnement et santé publique —
• Laboratoires de biotechnologie végétale et animale
• Structures de surveillance sanitaire et épidémiologique
• Projets de recherche appliquée en santé et agriculture
— Recherche, enseignement et biosécurité —
• Laboratoires et centres de recherche
• Universités et établissements d’enseignement, notamment après poursuite d’études
• Services de biosécurité et de contrôle qualité en laboratoire",https://parcoursupguinee.org/offre-de-formation-en-licence-professionnelle-et-fondamentale
LIC-088,Licence,88,Licence professionnelle en Chimie-Environnement,Licence professionnelle,UL,1,SE + SE-FA + SM,12,"1. Prélever des échantillons d’eau, d’air et le sol
2. Analyser les polluants chimiques
3. Mesurer la qualité de l’eau
4. Assurer le suivi de la qualité de l’air
5. Traiter les eaux usées
6. Assurer la gestion et la valorisation des déchets
7. Évaluer les impacts environnementaux
8. Appliquer la réglementation environnementale
9. Réaliser la cartographie des zones polluées
10. Assurer le suivi environnemental des sites industriels
11. Sensibiliser à la protection de l’environnement
12. Rédiger des rapports environnementaux","1. Technicien en analyses environnementales
2. Chargé d’études pollution et déchets
3. Technicien de traitement des eaux et effluents
4. Assistant HSE
5. Chargé de suivi de la qualité des milieux","— Environnement et traitement des pollutions —
• Laboratoires d’analyse de l’eau, de l’air et des sols
• Stations d’épuration et unités de potabilisation
• Services de gestion et de valorisation des déchets
— Industries et mines —
• Services environnementaux des sociétés minières
• Industries soumises au contrôle des rejets
• Services d’hygiène, de sécurité et d’environnement
— Administration, contrôle et bureaux d’études —
• Services publics chargés de l’environnement
• Agences d’inspection et de contrôle environnemental
• Bureaux d’études d’impact et d’audit environnemental
— Coopération, recherche et sensibilisation —
• Organisations non gouvernementales environnementales
• Laboratoires et centres de recherche
• Programmes d’éducation et de sensibilisation environnementales",https://parcoursupguinee.org/offre-de-formation-en-licence-professionnelle-et-fondamentale
LIC-089,Licence,89,Licence professionnelle en Énergies Renouvelables,Licence professionnelle,UL,1,SE + SE-FA + SM,12,"1. Dimensionner les installations solaires
2. Réaliser l’installation et le câblage le panneaux solaires
3. Gérer les batteries et le stockage
4. Analyser les ressources éoliennes
5. Assurer la valorisation énergétique de la biomasse
6. Mettre en œuvre le petite production hydroélectrique
7. Réaliser des audits énergétiques
8. Analyser la rentabilité des projets
9. Assurer la maintenance des équipements énergétiques
10. Assurer la sécurité des installations électriques
11. Sensibiliser aux économies d’énergie
12. Monter des dossiers de projets énergétiques","1. Technicien en énergies renouvelables
2. Chargé d’installation de systèmes photovoltaïques
3. Chargé d’études en efficacité énergétique
4. Chargé de projets d’électrification rurale
5. Technicien de maintenance des installations solaires","— Énergie solaire et renouvelable —
• Entreprises d’installation et de maintenance de systèmes solaires
• Sociétés d’énergie éolienne, hydraulique et de biomasse
• Unités de production et de stockage d’énergie
— Électricité et électrification rurale —
• Sociétés de production et de distribution d’électricité
• Projets d’électrification rurale et de mini-réseaux
• Services techniques des collectivités locales
— Efficacité énergétique et bureaux d’études —
• Services d’audit et de maîtrise de l’énergie
• Bureaux d’études en dimensionnement énergétique
• Services techniques des bâtiments et des industries
— Coopération, formation et entrepreneuriat —
• Projets et programmes énergétiques des partenaires au développement
• Centres de formation technique
• Création d’entreprises d’installation solaire",https://parcoursupguinee.org/offre-de-formation-en-licence-professionnelle-et-fondamentale
LIC-090,Licence,90,Licence professionnelle en Économie Sociale et Solidaire,Licence professionnelle,UL,1,SE + SE-FA + SM,12,"1. Expliquer le fonctionnement des coopératives et mutuelles
2. Monter des projets solidaires
3. Assurer la gestion financière des structures solidaires
4. Monter le financement solidaire et microcrédit
5. Mettre en œuvre la mobilisation communautaire
6. Mettre en œuvre la gouvernance participative
7. Commercialiser les produits solidaires
8. Évaluer l’impact social
9. Assurer l’éducation financière des membres
10. Gérer les ressources humaines bénévoles
11. Mobiliser les partenariats avec les bailleurs
12. Rédiger des rapports d’activité","1. Chargé de projets en économie sociale et solidaire
2. Animateur de coopératives et de mutuelles
3. Chargé d’accompagnement des organisations communautaires
4. Chargé de microprojets
5. Chargé de suivi-évaluation","— Coopératives et économie solidaire —
• Coopératives, mutuelles et groupements de producteurs
• Structures d’économie sociale et d’entreprises à finalité sociale
• Réseaux d’épargne et de crédit communautaires
— Microfinance et financement inclusif —
• Établissements de microfinance et caisses d’épargne
• Programmes de financement des activités génératrices de revenus
• Services d’éducation financière
— Projets et société civile —
• Projets et programmes de développement communautaire
• Organisations non gouvernementales et associations
• Services de suivi et d’évaluation de l’impact social
— Administration, conseil et entrepreneuriat —
• Services publics chargés de l’économie sociale et de l’artisanat
• Cabinets de conseil et d’appui aux coopératives
• Création d’entreprises sociales et solidaires",https://parcoursupguinee.org/offre-de-formation-en-licence-professionnelle-et-fondamentale
LIC-091,Licence,91,Licence professionnelle en Management de Projets et Innovation,Licence professionnelle,UL,1,SE + SE-FA + SM,12,"1. Mettre en œuvre l’identification et le cadrage des projets
2. Assurer la planification et l’ordonnancement des tâches
3. Élaborer le budget de projet
4. Gérer les ressources du projet
5. Conduire l’analyse et maîtrise des risques
6. Mettre en œuvre le pilotage de l’exécution
7. Gérer la qualité du projet
8. Animer l’équipe projet
9. Mettre en œuvre la créativité et la génération d’idées
10. Réaliser le prototypage et test des innovations
11. Assurer le suivi des indicateurs de performance
12. Mettre en œuvre la clôture et la capitalisation du projet","1. Chef de projet junior
2. Chargé de management de l’innovation
3. Assistant de direction de programme
4. Chargé de montage et de suivi de projets
5. Consultant junior en organisation","— Gestion de projets —
• Services de gestion de projets des entreprises et des administrations
• Unités de coordination des projets et programmes
• Services de planification, de budget et de suivi
— évaluation. —
• Coopération et développement —
• Projets et programmes des partenaires au développement
• Organisations non gouvernementales et organisations internationales
• Services de mobilisation des ressources et de rapportage
— Innovation et entrepreneuriat —
• Structures d’incubation et d’accélération de start-up
• Services d’innovation et de développement de nouveaux produits
• Création et gestion d’entreprises innovantes
— Conseil, audit et formation —
• Cabinets de conseil en organisation et en gestion de projets
• Services d’audit et de contrôle de la performance
• Centres de formation en management de projets",https://parcoursupguinee.org/offre-de-formation-en-licence-professionnelle-et-fondamentale
LIC-092,Licence,92,Licence professionnelle en Développement d’Application,Licence professionnelle,UL,1,SE + SE-FA + SM,12,"1. Mettre en œuvre la programmation dans plusieurs langages
2. Concevoir des interfaces utilisateur
3. Développer des applications internet
4. Développer des applications mobiles
5. Réaliser la modélisation et la gestion des bases de données
6. Utiliser les cadres de développement modernes
7. Mettre en œuvre le connexion aux services distants
8. Réaliser les tests et la correction des anomalies
9. Appliquer les méthodes de gestion de projet agiles
10. Mettre en œuvre en production et l’hébergement
11. Assurer la maintenance évolutive des applications
12. Rédiger la documentation utilisateur","1. Développeur d’applications web et mobiles
2. Développeur front-end / back-end
3. Testeur et intégrateur logiciel
4. Chef de projet applicatif junior
5. Développeur d’applications métiers","— Développement d’applications —
• Entreprises de développement d’applications web et mobiles
• Services informatiques des entreprises et des administrations
• Agences numériques et sociétés de services informatiques
— Start —
• up et innovation numérique
— 1. Start —
• up et incubateurs technologiques
• Projets de solutions numériques (paiement, santé, éducation, transport)
• Structures de conception d’interfaces et d’expérience utilisateur
— Banque, télécoms et commerce en ligne —
• Banques, assurances et établissements de microfinance
• Opérateurs de télécommunications et services de monnaie électronique
• Plateformes de commerce électronique
— Maintenance, formation et entrepreneuriat —
• Services de maintenance et d’évolution des applications
• Centres de formation en développement informatique
• Création d’entreprises de développement logiciel",https://parcoursupguinee.org/offre-de-formation-en-licence-professionnelle-et-fondamentale
LIC-093,Licence,93,Licence professionnelle en Réseaux et Cybersécurité,Licence professionnelle,UL,1,SE + SE-FA + SM,12,"1. Réaliser le câblage et l’architecture les réseaux
2. Configurer les routeurs et commutateurs
3. Mettre en œuvre l’adressage et le découpage les réseaux
4. Administrer les serveurs
5. Mettre en œuvre en place de pare-feu
6. Configurer les réseaux privés virtuels
7. Détecter les intrusions
8. Analyser le trafic réseau
9. Mettre en œuvre le réponse aux incidents de sécurité
10. Mettre en œuvre le sauvegarde et continuité de service
11. Réaliser l’audit de sécurité des systèmes
12. Rédiger des politiques de sécurité","1. Administrateur réseaux
2. Analyste en cybersécurité
3. Technicien SOC junior
4. Administrateur systèmes et sécurité
5. Chargé de la sécurité des systèmes d’information (junior)","— Réseaux et infrastructures —
• Services réseaux des entreprises et des administrations
• Entreprises d’installation et de câblage des réseaux
• Centres de données et services d’hébergement
— Cybersécurité et conformité —
• Services de sécurité des systèmes d’information
• Banques, assurances et opérateurs télécoms, en protection des données
• Cabinets d’audit et de conseil en cybersécurité
— Télécommunications et supervision —
• Opérateurs de télécommunications et fournisseurs d’accès
• Centres de supervision et de gestion des incidents
• Services de sauvegarde et de continuité d’activité
— Administration, formation et entrepreneuriat —
• Services publics chargés du numérique et de la cybersécurité
• Centres de formation en réseaux et sécurité
• Création d’entreprises de services et d’audit informatique",https://parcoursupguinee.org/offre-de-formation-en-licence-professionnelle-et-fondamentale
LIC-094,Licence,94,Licence professionnelle en Administration Publique,Licence professionnelle,UL,1,SE + SE-FA + SM,12,"1. Organiser l’administration de l’État
2. Appliquer le droit administratif appliqué
3. Assurer la rédaction administrative
4. Gérer les ressources humaines publiques
5. Élaborer le budget et finances publiques
6. Analyser les marchés publics
7. Gérer les services publics
8. Assurer l’accueil et la relation avec les usagers
9. Mettre en œuvre la modernisation et la simplification administrative
10. Mettre en œuvre l’archivage et la gestion documentaire
11. Respecter l’éthique et la déontologie du service public
12. Rédiger des rapports administratifs","1. Attaché d’administration publique
2. Chargé de gestion administrative
3. Chargé d’études en politiques publiques
4. Assistant de collectivité locale
5. Chargé de la commande publique","— Administration publique —
• Administrations centrales et services déconcentrés de l’État
• Services des ressources humaines et de la fonction publique
• Services de rédaction administrative et du contentieux
— Collectivités locales et services publics —
• Services administratifs des collectivités locales
• Établissements publics et agences autonomes
• Services d’accueil et de relation avec les usagers
— Marchés publics, budget et modernisation —
• Services des marchés publics et de la commande publique
• Services du budget et de la gestion financière
• Projets de modernisation et de simplification administrative
— Coopération, conseil et poursuite d’études —
• Projets et programmes des partenaires au développement
• Cabinets de conseil en gouvernance et en organisation
• Masters en administration publique et en management public",https://parcoursupguinee.org/offre-de-formation-en-licence-professionnelle-et-fondamentale
LIC-095,Licence,95,Licence professionnelle en Économie Statistique,Licence professionnelle,UL,1,SE + SE-FA + SM,12,"1. Conduire l’analyse économique appliquée
2. Construire des modèles économétriques
3. Analyser les séries temporelles
4. Établir la prévision économique
5. Traiter des données économiques
6. Utiliser les logiciels statistiques
7. Analyser la conjoncture
8. Calculer les indices et les agrégats
9. Évaluer les politiques publiques
10. Analyser les marchés et le prix
11. Interpréter les résultats chiffrés
12. Rédiger des notes économiques","1. Statisticien-économiste junior
2. Chargé d’études économiques et statistiques
3. Analyste de données socio-économiques
4. Chargé d’enquêtes
5. Chargé de suivi-évaluation","— Statistique et études économiques —
• Instituts de statistique et observatoires économiques
• Services d’études, de prévision et de conjoncture
• Services de production des indicateurs sectoriels
— Banque, assurance et finance —
• Banques centrales et banques commerciales
• Compagnies d’assurance et établissements de microfinance
• Services d’analyse quantitative et de gestion des risques
— Entreprises et marchés —
• Services d’études de marché et d’analyse de la clientèle
• Services de contrôle de gestion et de pilotage
• Cabinets d’études et de sondage
— Coopération, recherche et enseignement —
• Projets et programmes des partenaires au développement
• Laboratoires et centres de recherche en économie appliquée
• Universités et établissements d’enseignement, notamment après poursuite d’études",https://parcoursupguinee.org/offre-de-formation-en-licence-professionnelle-et-fondamentale
LIC-096,Licence,96,"Licence professionnelle en Droit Minier, Énergie et Environnement",Licence professionnelle,UL,1,SS + SS-FA,12,"1. Mettre en œuvre le code minier
2. Analyser les titres et permis miniers
3. Négocier les conventions minières
4. Appliquer la fiscalité du secteur extractif
5. Appliquer le droit de l’environnement
6. Assurer la conformité environnementale
7. Appliquer le droit de l’énergie et les concessions
8. Mettre en œuvre la responsabilité sociale des entreprises
9. Gérer les litiges avec les communautés
10. Assurer le suivi des obligations contractuelles
11. Appliquer le droit foncier et l’indemnisation
12. Rédiger des rapports de conformité","1. Juriste en droit minier
2. Chargé de conformité réglementaire en industrie extractive
3. Assistant juridique en énergie et environnement
4. Chargé des relations avec les communautés (volet juridique)
5. Chargé d’instruction des titres miniers","— Sociétés minières et extractives —
• Services juridiques et de conformité des sociétés minières
• Services des titres miniers et du suivi contractuel
• Services de relations avec les communautés riveraines
— Administration des mines, de l’énergie et de l’environnement —
• Services publics chargés des mines et de la géologie
• Services publics chargés de l’énergie et de l’environnement
• Structures de contrôle et d’inspection environnementale
— Conseil juridique et fiscalité —
• Cabinets d’avocats et de conseil juridique
• Services de fiscalité du secteur extractif
• Cabinets d’audit et de conformité réglementaire
— Société civile, coopération et recherche —
• Organisations non gouvernementales de gouvernance des ressources naturelles
• Projets et programmes de transparence du secteur extractif
• Universités et centres de recherche, notamment après poursuite d’études",https://parcoursupguinee.org/offre-de-formation-en-licence-professionnelle-et-fondamentale
LIC-097,Licence,97,Licence professionnelle en Communication et Relations Publiques,Licence professionnelle,ISIC,1,SS + SS-FA,12,"1. Élaborer le plan de communication
2. Analyser l’image de l’organisation
3. Rédiger les messages institutionnels
4. Entretenir les relations avec la presse
5. Organiser les conférences de presse
6. Assurer la communication interne
7. Organiser des événements
8. Gérer les réseaux sociaux
9. Assurer la communication de crise
10. Élaborer les supports de communication
11. Mesurer l’impact des actions
12. Gérer les relations avec les partenaires","1. Chargé de communication
2. Chargé de relations publiques
3. Attaché de presse
4. Chargé d’événementiel
5. Community manager","— Communication institutionnelle —
• Services de communication des administrations et des collectivités
• Services de communication des entreprises et des banques
• Services de relations presse et de porte
— parolat. —
• Agences et relations publiques —
• Agences de communication et de relations publiques
• Structures d’organisation d’événements et de salons
• Services de communication numérique et de gestion des réseaux sociaux
— Médias et production de contenus —
• Rédactions de presse, de radio et de télévision
• Structures de production de contenus institutionnels
• Services de veille et d’analyse de l’image
— Société civile, formation et entrepreneuriat —
• Organisations non gouvernementales, en communication et plaidoyer
• Centres de formation en communication
• Création d’agences de communication",https://parcoursupguinee.org/offre-de-formation-en-licence-professionnelle-et-fondamentale
LIC-098,Licence,98,Licence professionnelle en Production de Contenus Numériques,Licence professionnelle,ISIC,1,SS + SS-FA,12,"1. Assurer la préparation et la correction des manuscrits
2. Mettre en œuvre en page et maquette
3. Assurer la conception graphique des ouvrages
4. Produire des livres numériques
5. Assurer la rédaction et l’édition de contenus internet
6. Conduire la production audiovisuelle courte
7. Gérer les droits d’auteur
8. Assurer la diffusion et la distribution numériques
9. Référencer les contenus
10. Gérer les projets éditoriaux
11. Entretenir la relation avec les auteurs
12. Mettre en œuvre le contrôla qualité des publications","1. Producteur de contenus numériques
2. Motion designer junior
3. Créateur de contenus audiovisuels
4. Chargé de production éditoriale web
5. Monteur-infographiste","— Production de contenus numériques —
• Structures de production de contenus web, audio et vidéo
• Agences numériques et studios de création
• Services de gestion des plateformes et des réseaux sociaux
— Édition et médias —
• Maisons d’édition et services de production de livres numériques
• Médias en ligne et rédactions numériques
• Services de mise en page et de conception graphique
— Communication des organisations —
• Services de communication numérique des entreprises et des institutions
• Services de référencement et de diffusion en ligne
• Projets de valorisation numérique des contenus
— Culture, formation et entrepreneuriat —
• Structures culturelles, en production et diffusion numériques
• Centres de formation en création numérique
• Création de studios et d’agences de contenus",https://parcoursupguinee.org/offre-de-formation-en-licence-professionnelle-et-fondamentale
LIC-099,Licence,99,Licence professionnelle en Marketing et Communication Digitale,Licence professionnelle,ISIC,1,SS + SS-FA,12,"1. Analyser le marché et analyse des besoins
2. Élaborer la stratégie de marque
3. Créer le contenus numériques
4. Gérer les réseaux sociaux
5. Concevoir la publicité en ligne et campagnes payantes
6. Référencer les sites internet
7. Mettre en œuvre le courriel commercial et la fidélisation
8. Analyser les statistiques de fréquentation
9. Gérer la relation client
10. Pratiquer le commerce électronique
11. Assurer la communication de crise en ligne
12. Élaborer le plan de communication","1. Chargé de marketing digital
2. Community manager
3. Chargé de campagnes publicitaires en ligne
4. Chargé de référencement et d’analyse d’audience
5. Chef de projet communication digitale","— Marketing et communication numérique —
• Services marketing des entreprises et des banques
• Agences de marketing digital et de publicité
• Services de gestion de la marque et de la relation client
— Commerce en ligne et distribution —
• Plateformes de commerce électronique
• Enseignes de distribution et réseaux commerciaux
• Services de vente et de prospection en ligne
— Médias sociaux et contenus —
• Structures de gestion des communautés en ligne
• Studios de création de contenus publicitaires
• Services d’analyse des performances numériques
— Télécoms, formation et entrepreneuriat —
• Opérateurs de télécommunications et fournisseurs de services numériques
• Centres de formation en marketing digital
• Création d’agences de marketing et de communication",https://parcoursupguinee.org/offre-de-formation-en-licence-professionnelle-et-fondamentale
LIC-100,Licence,100,Licence professionnelle en Journalisme,Licence professionnelle,ISIC,1,SS + SS-FA,12,"1. Conduire la recherche et la vérification de l’information
2. Mettre en œuvre les techniques d’interview
3. Rédiger des articles de presse
4. Mettre en œuvre le reportage de terrain
5. Écrire pour la radio
6. Écrire pour la télévision
7. Assurer la présentation de journaux parlés
8. Réaliser la prise de son et le vue
9. Réaliser le montage audio et vidéo
10. Mettre en œuvre le journalisme numérique et réseaux sociaux
11. Respecter la déontologie et droit de la presse
12. Conduire l’enquête et le journalisme d’investigation","1. Journaliste rédacteur
2. Journaliste reporter d’images
3. Présentateur / animateur radio-télévision
4. Secrétaire de rédaction
5. Journaliste web","— Presse et médias —
• Rédactions de presse écrite, de radio et de télévision
• Médias en ligne et agences de presse
• Services de reportage et de production d’émissions
— Communication et institutions —
• Services de communication des administrations et des entreprises
• Services de relations presse et d’attaché de presse
• Organisations non gouvernementales et internationales, en communication
— Production audiovisuelle et numérique —
• Structures de production audiovisuelle
• Services de montage, de captation et de diffusion
• Médias sociaux et plateformes de contenus
— Formation, recherche et entrepreneuriat —
• Centres de formation en journalisme
• Projets de recherche sur les médias et la déontologie
• Création de médias et de structures de production",https://parcoursupguinee.org/offre-de-formation-en-licence-professionnelle-et-fondamentale
LIC-101,Licence,101,Licence professionnelle en Planification Territoriale et Villes Durables,Licence professionnelle,UK,1,SS + SS-FA,12,"1. Établir le diagnostic territorial
2. Élaborer les documents de planification
3. Concevoir l’aménagement urbain et le zonage
4. Assurer la gestion foncière et cadastre
5. Utiliser les systèmes d’information géographique
6. Planifier les réseaux et les équipements
7. Organiser la mobilité et transports urbains
8. Gérer les déchets urbains
9. Conduire la concertation avec les populations
10. Assurer l’intégration l’enjeux climatiques
11. Monter des projets urbains
12. Rédiger les rapports de planification","1. Chargé de planification territoriale
2. Chargé d’études en urbanisme durable
3. Chargé de projets villes durables
4. Assistant de maîtrise d’ouvrage urbaine
5. Chargé de mission en collectivité locale","— Planification territoriale —
• Services d’aménagement du territoire et d’urbanisme
• Services techniques et de planification des collectivités locales
• Agences d’aménagement et de développement urbain
— Villes durables et environnement —
• Projets de villes durables et de résilience climatique
• Services de gestion des déchets et de l’assainissement urbain
• Services de mobilité et de transports urbains
— Bureaux d’études et foncier —
• Bureaux d’études en planification et en aménagement
• Services de gestion foncière et cadastrale
• Structures d’information géographique
— Coopération, recherche et entrepreneuriat —
• Projets et programmes urbains des partenaires au développement
• Observatoires urbains et centres de recherche
• Création de bureaux d’études en urbanisme",https://parcoursupguinee.org/offre-de-formation-en-licence-professionnelle-et-fondamentale
LIC-102,Licence,102,Licence professionnelle en Diplomatie et Coopération Internationale,Licence professionnelle,UK,1,SS + SS-FA,12,"1. Analyser les relations internationales
2. Appliquer le droit et institutions internationales
3. Mettre en œuvre les techniques de négociation
4. Mettre en œuvre le protocole et la correspondance diplomatique
5. Monter des projets de coopération
6. Rechercher des financements internationaux
7. Assurer le suivi et l’évaluation des projets de coopération
8. Pratiquer les langues étrangères
9. Conduire l’analyse géopolitique régionale
10. Gérer les partenariats internationaux
11. Assurer la communication interculturelle
12. Rédiger des rapports de coopération","1. Attaché diplomatique (après concours)
2. Chargé de coopération internationale
3. Chargé de programmes en organisation internationale
4. Assistant de relations internationales
5. Chargé de protocole","— Diplomatie et affaires étrangères —
• Services des affaires étrangères et représentations diplomatiques
• Services du protocole et de la correspondance diplomatique
• Services de négociation et de suivi des accords
— Organisations internationales et coopération —
• Organisations internationales et régionales
• Agences de coopération et partenaires au développement
• Services de mobilisation des financements internationaux
— Société civile et organisations non gouvernementales —
• Organisations non gouvernementales internationales
• Projets de coopération et de développement
• Structures de médiation et de prévention des conflits
— Entreprises, recherche et enseignement —
• Services des relations internationales des entreprises
• Centres d’études géopolitiques et de recherche
• Universités et établissements d’enseignement, notamment après poursuite d’études",https://parcoursupguinee.org/offre-de-formation-en-licence-professionnelle-et-fondamentale
LIC-103,Licence,103,Licence professionnelle en Statistiques du Développement,Licence professionnelle,UK,1,SE + SE-FA + SM,12,"1. Concevoir des questionnaires d’enquête
2. Mettre en œuvre les techniques d’échantillonnage
3. Collecter des données sur le terrain
4. Assurer la saisie et l’apurement des données
5. Conduire l’analyse statistique descriptive
6. Conduire l’analyse statistique avancée
7. Construire des indicateurs de développement
8. Utiliser les logiciels statistiques
9. Réaliser la cartographie des résultats statistiques
10. Assurer le suivi et l’évaluation des programmes
11. Réaliser l’interprétation et la restitution des résultats
12. Rédiger des rapports statistiques","1. Statisticien du développement
2. Chargé d’enquêtes et de collecte de données
3. Analyste de données de développement
4. Chargé de suivi-évaluation
5. Gestionnaire de bases de données statistiques","— Statistique du développement —
• Instituts de statistique et services statistiques sectoriels
• Services de suivi et évaluation des programmes
• Observatoires du développement (santé, éducation, emploi)
— Enquêtes et collecte de données —
• Cabinets d’études, de sondage et d’enquête
• Projets de recensement et d’enquêtes nationales
• Services de traitement et d’apurement des données
— Coopération et société civile —
• Projets et programmes des partenaires au développement
• Organisations non gouvernementales, en suivi des indicateurs
• Organisations internationales et agences spécialisées
— Entreprises, recherche et enseignement —
• Services d’analyse de données des entreprises et des banques
• Laboratoires et centres de recherche appliquée
• Établissements d’enseignement, notamment après poursuite d’études",https://parcoursupguinee.org/offre-de-formation-en-licence-professionnelle-et-fondamentale
LIC-104,Licence,104,Licence professionnelle en Musique,Licence professionnelle,ISAMK Dubr.,1,SE + SE-FA + SM + SS + SS-FA,12,"1. Développer le pratique instrumentale
2. Mettre en œuvre le technique vocale et chant
3. Pratiquer la lecture et l’écriture musicales
4. Former l’oreille musicale
5. Mettre en œuvre l’harmonie et l’arrangement
6. Développer le pratique d’ensemble et orchestre
7. Mettre en œuvre le répertoire des musiques traditionnelles
8. Assurer l’enregistrement en studio
9. Mettre en œuvre la sonorisation des spectacles
10. Réaliser la composition musicale
11. Mettre en œuvre la direction de groupe musical
12. Organiser des concerts","1. Musicien interprète
2. Professeur de musique
3. Chef de chœur ou d’ensemble
4. Arrangeur et compositeur
5. Chargé de production musicale","— Pratique musicale et spectacle —
• Orchestres, ensembles et groupes musicaux
• Structures de production de spectacles et de concerts
• Activités d’artiste interprète et de musicien de scène
— Enseignement musical —
• Écoles de musique et conservatoires
• Établissements scolaires, en éducation musicale
• Centres et ateliers de formation artistique
— Studios et production audiovisuelle —
• Studios d’enregistrement et de mixage
• Services de sonorisation et de régie
• Structures de production musicale et de composition
— Culture, médias et entrepreneuriat —
• Centres culturels et festivals
• Médias, en animation et production musicale
• Création de studios et de structures de production",https://parcoursupguinee.org/offre-de-formation-en-licence-professionnelle-et-fondamentale
LIC-105,Licence,105,Licence professionnelle en Musicologie,Licence professionnelle,ISAMK Dubr.,1,SE + SE-FA + SM + SS + SS-FA,12,"1. Analyser les œuvres musicales
2. Analyser l’histoire de la musique
3. Analyser les musiques traditionnelles
4. Organiser le collecte et l’enregistrement de terrain
5. Transcrire les musiques orales
6. Mettre en œuvre l’organologie et étude des instruments
7. Appliquer la méthodologie de la recherche musicale
8. Archiver les documents sonores
9. Exercer le critique et la médiation musicales
10. Enseigner la musique
11. Valoriser le patrimoine musical
12. Rédiger des études musicologiques","1. Musicologue
2. Chercheur en patrimoine musical
3. Enseignant de musicologie
4. Chargé de collecte et d’archivage musical
5. Critique et médiateur musical","— Recherche et patrimoine musical —
• Laboratoires et centres de recherche en musicologie
• Projets de collecte et de sauvegarde des musiques traditionnelles
• Archives et phonothèques
— Enseignement et transmission —
• Écoles de musique et conservatoires
• Universités et établissements d’enseignement, notamment après poursuite d’études
• Centres de formation artistique
— Culture, médias et édition —
• Centres culturels et structures de programmation
• Médias, en critique et chronique musicales
• Édition musicale et production de contenus
— Administration culturelle et coopération —
• Services publics chargés de la culture et du patrimoine
• Projets de valorisation du patrimoine immatériel
• Organisations internationales et organisations non gouvernementales culturelles",https://parcoursupguinee.org/offre-de-formation-en-licence-professionnelle-et-fondamentale
LIC-106,Licence,106,Licence professionnelle en Arts Plastiques,Licence professionnelle,ISAMK Dubr.,1,SE + SE-FA + SM,12,"1. Réaliser le dessin et techniques graphiques
2. Mettre en œuvre la peinture et travail de la couleur
3. Mettre en œuvre la sculpture et le modelage
4. Mettre en œuvre la gravure et estampe
5. Réaliser la composition et la théorie de l’image
6. Mettre en œuvre les techniques mixtes et matériaux
7. Créer des œuvres personnelles
8. Analyser l’histoire de l’art
9. Concevoir la scénographie d’exposition
10. Assurer la médiation artistique
11. Mettre en œuvre la photographie de la production artistique
12. Gérer l’un atelier d’artiste","1. Artiste plasticien
2. Enseignant d’arts plastiques
3. Médiateur culturel en arts visuels
4. Chargé d’exposition
5. Illustrateur","— Création artistique —
• Ateliers d’artiste et studios de création
• Galeries d’art et espaces d’exposition
• Structures de production d’œuvres et de commandes publiques
— Enseignement et médiation —
• Établissements scolaires, en arts plastiques
• Écoles d’art et centres de formation artistique
• Services de médiation culturelle des musées
— Culture et événementiel —
• Centres culturels, musées et festivals
• Structures de scénographie et d’aménagement d’expositions
• Projets de décoration et de fresques urbaines
— Entrepreneuriat et industries créatives —
• Création d’ateliers et de galeries
• Agences de communication et studios graphiques
• Projets d’artisanat d’art et de design",https://parcoursupguinee.org/offre-de-formation-en-licence-professionnelle-et-fondamentale
LIC-107,Licence,107,Licence professionnelle en Arts Appliqués,Licence professionnelle,ISAMK Dubr.,1,SE + SE-FA + SM,12,"1. Réaliser le dessin technique et croquis
2. Concevoir des produits
3. Concevoir le design graphique
4. Concevoir le design d’objets et d’artisanat
5. Choisir les matériaux et les finitions
6. Assurer la conception assistée par ordinateur
7. Réaliser le prototypage et maquettes
8. Concevoir le design textile et motifs
9. Concevoir le design d’espace et d’aménagement
10. Valoriser l’artisanat local
11. Gérer le projet de création
12. Assurer la présentation des projets aux clients","1. Designer graphique
2. Designer produit / artisanat d’art
3. Infographiste
4. Chargé de création publicitaire
5. Concepteur de supports visuels","— Design et industries créatives —
• Studios de design graphique et de produits
• Agences de communication et de publicité
• Ateliers de création d’objets et de mobilier
— Artisanat et production —
• Ateliers d’artisanat d’art et de design textile
• Unités de fabrication et de prototypage
• Structures de valorisation de l’artisanat local
— Commerce, culture et événementiel —
• Enseignes commerciales, en aménagement et identité visuelle
• Structures culturelles et scénographie d’exposition
• Organisation de salons et d’événements
— Enseignement et entrepreneuriat —
• Écoles d’art et centres de formation en arts appliqués
• Établissements scolaires, en enseignement artistique
• Création de studios et d’ateliers de design",https://parcoursupguinee.org/offre-de-formation-en-licence-professionnelle-et-fondamentale
LIC-108,Licence,108,Licence professionnelle en Cinéma,Licence professionnelle,ISAMK Dubr.,1,SE + SE-FA + SM,12,"1. Écrire le scénario
2. Mettre en œuvre le découpage technique et story-board
3. Mettre en œuvre la réalisation et la direction d’acteurs
4. Assurer le cadrage et prise de vues
5. Assurer l’éclairage de tournage
6. Réaliser la prise de son au tournage
7. Réaliser le montage image
8. Réaliser le montage son et le mixage
9. Réaliser l’étalonnage et post-production
10. Assurer l’organisation et la régie de tournage
11. Conduire la production et budget de film
12. Assurer la diffusion et la distribution des films","1. Réalisateur
2. Assistant réalisateur
3. Scénariste
4. Monteur
5. Chargé de production cinématographique","— Production et réalisation —
• Sociétés de production cinématographique
• Équipes de tournage (réalisation, régie, image, son)
• Structures de production de courts et longs métrages
— Télévision et plateformes —
• Chaînes de télévision et sociétés de production audiovisuelle
• Plateformes de diffusion de contenus
• Services de post
— production et de montage. —
• Publicité et institutions —
• Agences de publicité, en production de films institutionnels
• Services de communication audiovisuelle des organisations
• Organisations non gouvernementales, en films de sensibilisation
— Diffusion, formation et entrepreneuriat —
• Festivals, salles de cinéma et structures de diffusion
• Centres de formation aux métiers du cinéma
• Création de sociétés de production",https://parcoursupguinee.org/offre-de-formation-en-licence-professionnelle-et-fondamentale
LIC-109,Licence,109,Licence professionnelle en Audiovisuel,Licence professionnelle,ISAMK Dubr.,1,SE + SE-FA + SM,12,"1. Réaliser la prise de vues vidéo
2. Réaliser la prise de son et la sonorisation
3. Assurer l’éclairage de plateau
4. Réaliser le montage vidéo
5. Mettre en œuvre le mixage et le traitement du son
6. Réaliser des reportages
7. Mettre en œuvre la régie de plateau télévisé
8. Diffuser en direct
9. Mettre en œuvre l’habillage graphique et l’animation
10. Assurer la maintenance des équipements audiovisuels
11. Assurer l’écriture et conduite d’émission
12. Gérer les archives audiovisuelles","1. Technicien audiovisuel
2. Cadreur et opérateur de prise de vues
3. Ingénieur du son junior
4. Monteur audiovisuel
5. Chargé de production TV et web","— Télévision et radio —
• Chaînes de télévision et stations de radio
• Services de captation, de régie et de diffusion
• Équipes de reportage et de production d’émissions
— Production et post —
• production —
• Sociétés de production audiovisuelle
• Studios de montage, de mixage et d’habillage graphique
• Services de production de contenus pour les plateformes
— Communication et événementiel —
• Services de communication audiovisuelle des entreprises et institutions
• Structures de sonorisation et de captation d’événements
• Agences de publicité et de contenus
— Maintenance, formation et entrepreneuriat —
• Services de maintenance des équipements audiovisuels
• Centres de formation aux métiers de l’audiovisuel
• Création de studios et de sociétés de production",https://parcoursupguinee.org/offre-de-formation-en-licence-professionnelle-et-fondamentale
LIC-110,Licence,110,Licence professionnelle en Arts Dramatiques,Licence professionnelle,ISAMK Dubr.,1,SS + SS-FA,12,"1. Mettre en œuvre le jeu d’acteur et l’interprétation
2. Mettre en œuvre les techniques vocales et la diction
3. Développer l’expression corporelle et le mouvement
4. Mettre en œuvre l’improvisation théâtrale
5. Conduire l’analyse dramaturgique des textes
6. Mettre en œuvre en scène
7. Concevoir la scénographie et décors
8. Mobiliser les costumes et le maquillage de scène
9. Assurer l’éclairage et son de spectacle
10. Mettre en œuvre le théâtre pour le développement communautaire
11. Animer des ateliers de théâtre
12. Assurer l’organisation et la production de spectacles","1. Comédien
2. Metteur en scène
3. Animateur d’ateliers théâtre
4. Professeur d’art dramatique
5. Chargé de production de spectacle vivant","— Théâtre et spectacle vivant —
• Compagnies théâtrales et troupes
• Structures de production et de diffusion de spectacles
• Métiers de comédien, de mise en scène et de scénographie
— Audiovisuel et doublage —
• Sociétés de production télévisuelle et cinématographique
• Studios de doublage et de voix off
• Projets de production de séries et de fictions
— Éducation et animation —
• Établissements scolaires, en activités théâtrales
• Centres culturels et ateliers d’expression
• Projets de théâtre pour le développement et la sensibilisation
— Culture, formation et entrepreneuriat —
• Festivals et structures de programmation
• Écoles et centres de formation artistique
• Création de compagnies et de structures de production",https://parcoursupguinee.org/offre-de-formation-en-licence-professionnelle-et-fondamentale
LIC-111,Licence,111,Licence professionnelle en Culture,Licence professionnelle,ISAMK Dubr.,1,SS + SS-FA,12,"1. Analyser les politiques culturelles
2. Monter des projets culturels
3. Gérer les équipements culturels
4. Mettre en œuvre la programmation artistique
5. Organiser des événements culturels
6. Assurer la médiation culturelle auprès des publics
7. Valoriser le patrimoine culturel
8. Rechercher des financements culturels
9. Assurer la communication des projets culturels
10. Assurer la gestion administrative des structures culturelles
11. Mettre en œuvre la coopération culturelle
12. Évaluer les actions culturelles","1. Chargé de projets culturels
2. Administrateur d’équipement culturel
3. Chargé de programmation artistique
4. Médiateur culturel
5. Chargé de politiques culturelles en collectivité","— Administration culturelle —
• Services publics chargés de la culture et du patrimoine
• Services culturels des collectivités locales
• Établissements culturels publics et espaces d’exposition
— Projets et médiation culturelle —
• Structures de montage de projets culturels
• Centres culturels, médiathèques et musées
• Services de médiation et d’action culturelle
— Événementiel et industries créatives —
• Festivals et structures d’organisation d’événements
• Sociétés de production et de programmation artistique
• Agences de communication culturelle
— Coopération, recherche et entrepreneuriat —
• Organisations internationales et organisations non gouvernementales culturelles
• Observatoires et centres d’études culturelles
• Création de structures et d’entreprises culturelles",https://parcoursupguinee.org/offre-de-formation-en-licence-professionnelle-et-fondamentale
LIC-112,Licence,112,Licence professionnelle en Gestion de l’Eau et de l’Environnement,Licence professionnelle,UZ,1,SE + SE-FA + SM,12,"1. Évaluer les ressources en eau
2. Analyser la qualité de l’eau
3. Assurer le traitement et la potabilisation de l’eau
4. Gérer les réseaux d’adduction d’eau
5. Concevoir et dimensionner un système d’adduction d’eau potable
6. Élaborer un schéma directeur de gestion intégrée des ressources en eau
7. Assurer le suivi et le contrôle de la qualité des eaux distribuées
8. Concevoir les ouvrages d’assainissement et de traitement des eaux usées
9. Appliquer le code de l’eau et la réglementation environnementale
10. Gérer l’exploitation technique et commerciale d’un service d’eau
11. Mobiliser les communautés autour de la gestion durable de l’eau
12. Rédiger les rapports techniques et les dossiers de projet","1. Chargé de gestion des ressources en eau
2. Technicien de traitement et de potabilisation
3. Chargé d’exploitation de réseau d’adduction
4. Chargé d’études qualité de l’eau
5. Chargé de projets eau et assainissement","— Eau potable et assainissement —
• Sociétés de production et de distribution d’eau potable
• Projets d’adduction d’eau et de forages
• Services d’assainissement et de traitement des eaux usées
— Environnement et collectivités —
• Services publics chargés de l’eau et de l’environnement
• Services techniques des collectivités locales
• Structures de gestion intégrée des ressources en eau
— Laboratoires et contrôle qualité —
• Laboratoires d’analyse de la qualité de l’eau
• Services de contrôle sanitaire des points d’eau
• Services de suivi environnemental des industries et des mines
— Projets, coopération et entrepreneuriat —
• Projets et programmes des partenaires au développement
• Organisations non gouvernementales du secteur eau, hygiène et assainissement
• Création d’entreprises de forage et de services d’eau",https://parcoursupguinee.org/offre-de-formation-en-licence-professionnelle-et-fondamentale
LIC-113,Licence,113,Licence professionnelle en Gestion Durable des écosystèmes et de la Biodiversité,Licence professionnelle,UZ,1,SE + SE-FA + SM,12,"1. Réaliser l’inventaire de la faune et la flore
2. Assurer le suivi écologique des habitats
3. Réaliser la cartographie des écosystèmes
4. Gérer les aires protégées
5. Élaborer et mettre en œuvre un plan de gestion d’aire protégée
6. Analyser les pressions et les menaces pesant sur les écosystèmes
7. Mettre en œuvre les protocoles de suivi de la faune et de la flore
8. Exploiter les outils SIG et de télédétection pour le suivi des habitats
9. Appliquer la réglementation nationale et les conventions sur la biodiversité
10. Concevoir des mécanismes de valorisation économique durable des ressources
11. Animer la concertation avec les communautés riveraines
12. Rédiger les rapports d’inventaire et de suivi écologique","1. Chargé de gestion des aires protégées
2. Chargé d’inventaire de la biodiversité
3. Chargé de suivi écologique
4. Écogarde / conservateur adjoint
5. Chargé de projets de conservation","— Conservation et aires protégées —
• Structures de gestion des parcs et des aires protégées
• Services publics chargés des forêts et de la faune
• Projets de conservation de la biodiversité
— Suivi écologique et études —
• Services d’inventaire et de suivi de la faune et de la flore
• Bureaux d’études environnementaux et d’évaluation d’impact
• Structures de cartographie des écosystèmes
— Développement durable et communautés —
• Projets de gestion communautaire des ressources naturelles
• Projets d’écotourisme et de valorisation des milieux
• Organisations non gouvernementales environnementales
— Recherche, enseignement et coopération —
• Laboratoires et centres de recherche en écologie
• Établissements d’enseignement, notamment après poursuite d’études
• Organisations internationales et programmes de conservation",https://parcoursupguinee.org/offre-de-formation-en-licence-professionnelle-et-fondamentale
LIC-114,Licence,114,Licence professionnelle en Sciences de l’Atmosphère,Licence professionnelle,UZ,1,SE + SE-FA + SM,12,"1. Réaliser l’observation et mesures météorologiques
2. Gérer les stations d’observation
3. Lire et analyser les cartes météorologiques
4. Établir la prévision du temps à court terme
5. Exploiter les images satellitaires et les sorties de modèles de prévision
6. Élaborer et diffuser les bulletins météorologiques
7. Analyser les séries climatiques et caractériser les tendances observées
8. Assurer l’assistance météorologique aux secteurs agricole, aérien et maritime
9. Contribuer aux dispositifs d’alerte précoce aux phénomènes extrêmes
10. Assurer la maintenance et l’étalonnage des instruments d’observation
11. Exploiter les outils statistiques de traitement des données atmosphériques
12. Vulgariser l’information climatique auprès des usagers","1. Technicien météorologue
2. Chargé d’observation et de mesures atmosphériques
3. Assistant prévisionniste
4. Chargé d’études sur le climat
5. Agent de station météorologique","— Météorologie et prévision —
• Services météorologiques nationaux et stations d’observation
• Services de prévision et de veille météorologique
• Réseaux de mesure et de collecte de données
— Agriculture, transport et aviation —
• Services d’information climatique pour l’agriculture
• Services météorologiques de l’aviation et des transports
• Projets d’alerte précoce pour les producteurs
— Climat, risques et environnement —
• Structures de suivi du changement climatique
• Structures de prévention des risques et catastrophes
• Bureaux d’études environnementaux et climatiques
— Recherche, coopération et enseignement —
• Laboratoires et centres de recherche en climatologie
• Projets et programmes climatiques des partenaires au développement
• Établissements d’enseignement, notamment après poursuite d’études",https://parcoursupguinee.org/offre-de-formation-en-licence-professionnelle-et-fondamentale
LIC-115,Licence,115,Licence professionnelle en Sciences Hydrologiques,Licence professionnelle,UZ,1,SE + SE-FA + SM,12,"1. Mesurer les débits et les niveaux d’eau
2. Exploiter les stations hydrométriques
3. Analyser les données pluviométriques
4. Analyser les crues et les sécheresses
5. Concevoir et implanter un réseau de mesures hydrométriques
6. Établir les courbes de tarage et les bilans hydrologiques
7. Modéliser la relation pluie-débit et simuler les écoulements
8. Évaluer les ressources en eau souterraine et de surface
9. Contribuer aux systèmes d’alerte précoce aux inondations et aux sécheresses
10. Exploiter les bases de données hydrométéorologiques et les outils statistiques
11. Appliquer les règles de sécurité lors des interventions en milieu aquatique
12. Rédiger les rapports hydrologiques et les notes d’expertise","1. Technicien hydrologue
2. Agent de station hydrométrique
3. Chargé d’études sur les crues et les étiages
4. Chargé de collecte et de traitement de données hydrologiques
5. Assistant en gestion des ressources en eau","— Hydrologie et ressources en eau —
• Services publics chargés de l’hydraulique et de l’hydrologie
• Stations hydrométriques et réseaux de mesure
• Structures de gestion des bassins versants
— Eau potable, irrigation et énergie —
• Sociétés de production et de distribution d’eau
• Projets d’irrigation et d’aménagements hydro-agricoles
• Projets hydroélectriques et de barrages
— Risques, environnement et études —
• Structures de prévision et de gestion des crues et des sécheresses
• Bureaux d’études hydrauliques et environnementaux
• Services de suivi environnemental des sites industriels et miniers
— Recherche, coopération et enseignement —
• Laboratoires et centres de recherche en hydrologie
• Projets et programmes des partenaires au développement
• Établissements d’enseignement, notamment après poursuite d’études",https://parcoursupguinee.org/offre-de-formation-en-licence-professionnelle-et-fondamentale
LIC-116,Licence,116,Licence professionnelle en Système d’Information Géographique et Télédétection,Licence professionnelle,UZ,1,SS + SS-FA,12,"1. Réaliser les levés topographiques de terrain
2. Réaliser le positionnement par satellite
3. Traiter les données de levé
4. Concevoir des bases de données spatiales
5. Conduire la production cartographique
6. Traiter les images satellitaires
7. Conduire l’analyse spatiale
8. Réaliser la modélisation numérique du terrain
9. Calculer des surfaces et des volumes
10. Réaliser la cartographie thématique
11. Diffuser les données géographiques en ligne
12. Rédiger des rapports cartographiques","1. Chargé d’études SIG et télédétection
2. Analyste de données géospatiales
3. Cartographe
4. Chargé de suivi de l’occupation des sols
5. Chargé de projets en géomatique","— Information géographique et télédétection —
• Structures de gestion des systèmes d’information géographique
• Services de cartographie et de traitement d’images satellitaires
• Bureaux d’études en géomatique
— Aménagement, foncier et collectivités —
• Services d’urbanisme et d’aménagement du territoire
• Services du cadastre et de la gestion foncière
• Services techniques des collectivités locales
— Environnement, mines et agriculture —
• Projets de suivi environnemental et de cartographie des ressources
• Services géomatiques des sociétés minières
• Projets agricoles et de sécurité alimentaire, en cartographie
— Risques, recherche et entrepreneuriat —
• Structures de cartographie des risques et d’appui aux secours
• Laboratoires et centres de recherche en géomatique
• Création de cabinets de services cartographiques",https://parcoursupguinee.org/offre-de-formation-en-licence-professionnelle-et-fondamentale
LIC-117,Licence,117,Licence fondamentale en Anthropologie,Licence fondamentale,UZ,1,SS + SS-FA,12,"1. Conduire l’analyse culturelle des pratiques de santé
2. Conduire l’enquête qualitative en milieu de santé
3. Analyser les représentations de la maladie
4. Analyser les recours aux soins
5. Assurer la médiation entre soignants et communautés
6. Mobiliser l’anthropologie des épidémies
7. Exploiter les systèmes de soins traditionnels
8. Assurer la communication pour le changement de comportement
9. Conduire l’évaluation sociale des programmes de santé
10. Analyser les inégalités d’accès aux soins
11. Conduire la recherche appliquée en santé publique
12. Rédiger des rapports d’étude","1. Chargé d’études anthropologiques
2. Chargé d’études socio-culturelles
3. Assistant de recherche en anthropologie
4. Médiateur communautaire
5. Chargé de sauvegarde du patrimoine immatériel","— Recherche et sciences sociales —
• Laboratoires et centres de recherche en anthropologie
• Projets de recherche appliquée en sciences sociales
• Universités et établissements d’enseignement, notamment après poursuite d’études
— Développement et société civile —
• Projets et programmes de développement communautaire
• Organisations non gouvernementales et organisations de la société civile
• Services d’études sociales et de diagnostic participatif
— Patrimoine, culture et santé —
• Structures de valorisation du patrimoine immatériel
• Musées et centres culturels
• Programmes de santé communautaire et de médiation culturelle
— Entreprises et coopération —
• Services de responsabilité sociale et de relations communautaires des entreprises
• Organisations internationales et projets de coopération
• Cabinets d’études et de conseil",https://parcoursupguinee.org/offre-de-formation-en-licence-professionnelle-et-fondamentale
LIC-118,Licence,118,Licence professionnelle en Sciences de la Terre,Licence professionnelle,ISMG Boké,1,SE + SE-FA + SM,12,"1. Identifier les roches et les minéraux
2. Réaliser la cartographie géologique
3. Conduire l’analyse structurale des terrains
4. Analyser les sols et leur formation
5. Interpréter les cartes géologiques, topographiques et les images satellitaires
6. Réaliser les analyses pétrographiques et minéralogiques en laboratoire
7. Conduire les levés géochimiques et l’échantillonnage de prospection
8. Caractériser les aquifères et les ressources en eau souterraine
9. Exploiter les systèmes d’information géographique appliqués aux géosciences
10. Appliquer les règles de sécurité lors des missions de terrain
11. Contribuer à l’évaluation des risques géologiques (érosion, glissements, séismes)
12. Rédiger les rapports de terrain et de laboratoire","1. Technicien en sciences de la Terre
2. Assistant géologue
3. Technicien de cartographie géologique
4. Technicien de laboratoire de géologie
5. Assistant en prospection minière","— Géologie et exploration —
• Sociétés minières et d’exploration
• Services de cartographie et de prospection géologique
• Laboratoires de description des roches et des échantillons
— Eau, sols et environnement —
• Structures de gestion des eaux souterraines
• Services d’étude des sols et de lutte contre l’érosion
• Services de suivi environnemental et de réhabilitation
— Génie civil et risques naturels —
• Bureaux d’études géotechniques
• Entreprises de construction et de travaux publics
• Structures de prévention des risques naturels
— Administration, recherche et enseignement —
• Services publics chargés des mines et de la géologie
• Laboratoires et centres de recherche en sciences de la Terre
• Établissements d’enseignement, notamment après poursuite d’études",https://parcoursupguinee.org/offre-de-formation-en-licence-professionnelle-et-fondamentale
LIC-119,Licence,119,"Licence professionnelle en Santé, Sécurité et Hygiène Minières",Licence professionnelle,ISMG Boké,1,SE + SE-FA + SM,12,"1. Identifier les dangers sur site
2. Évaluer les risques professionnels
3. Élaborer les consignes de sécurité
4. Contrôler les équipements de protection
5. Concevoir et animer un système de management de la santé et de la sécurité au travail
6. Réaliser les mesures d’hygiène industrielle (poussières, bruit, gaz, vibrations)
7. Enquêter sur les accidents et incidents et proposer des actions correctives
8. Organiser les secours, les évacuations et les exercices d’urgence sur site
9. Assurer le suivi de la santé au travail en lien avec le service médical
10. Appliquer le code du travail, le code minier et les normes internationales de sécurité
11. Former et sensibiliser les équipes aux risques professionnels miniers
12. Élaborer les tableaux de bord et les rapports de performance sécurité","1. Agent de santé et sécurité au travail (mine)
2. Chargé d’hygiène industrielle
3. Animateur HSE de site minier
4. Chargé d’évaluation des risques professionnels
5. Contrôleur des équipements de protection","— Santé et sécurité au travail —
• Services de santé, de sécurité et d’hygiène des sociétés minières
• Services de prévention des risques professionnels des industries
• Services de secours et de gestion des urgences sur site
— Hygiène industrielle et contrôle —
• Services de mesure de l’exposition aux nuisances
• Services de contrôle des équipements de protection
• Laboratoires d’hygiène industrielle
— Administration, inspection et assurance —
• Services publics chargés du travail et de l’inspection
• Organismes de sécurité sociale et de prévention
• Compagnies d’assurance, en évaluation des risques
— Formation, audit et conseil —
• Centres de formation en santé et sécurité au travail
• Cabinets d’audit et de conseil en prévention
• Projets de mise en conformité des sites industriels",https://parcoursupguinee.org/offre-de-formation-en-licence-professionnelle-et-fondamentale
LIC-120,Licence,120,Licence professionnelle en Économie et Gestion des Entreprises Minières,Licence professionnelle,ISMG Boké,1,SE + SE-FA + SM,12,"1. Conduire l’analyse économique du secteur minier
2. Conduire l’évaluation financière des projets miniers
3. Analyser les coûts d’exploitation
4. Élaborer les budgets miniers
5. Évaluer la rentabilité des projets miniers par les méthodes actualisées
6. Élaborer et suivre les tableaux de bord de gestion d’un site minier
7. Analyser la fiscalité minière et les régimes conventionnels applicables
8. Négocier et suivre les contrats d’achat, de vente et de sous-traitance
9. Analyser les marchés internationaux des matières premières
10. Évaluer la contribution économique et sociale d’un projet minier au territoire
11. Exploiter les outils informatiques de gestion et de modélisation financière
12. Rédiger les notes d’analyse et les rapports de gestion","1. Contrôleur de gestion en entreprise minière
2. Chargé d’études économiques du secteur minier
3. Analyste des coûts d’exploitation
4. Chargé du suivi budgétaire de site
5. Assistant en évaluation de projets miniers","— Gestion des entreprises minières —
• Services administratifs et financiers des sociétés minières
• Services de contrôle de gestion et de suivi des coûts
• Services de budget et de reporting
— Approvisionnement et contrats —
• Services des achats et des approvisionnements
• Services des contrats et de la gestion des sous-traitants
• Services de gestion des stocks et des magasins
— Administration et fiscalité du secteur extractif —
• Services publics chargés des mines et des recettes extractives
• Services de fiscalité et de suivi des redevances
• Structures de transparence du secteur extractif
— Conseil, audit et poursuite d’études —
• Cabinets d’audit et de conseil en gestion
• Bureaux d’études économiques du secteur minier
• Masters en gestion des industries extractives",https://parcoursupguinee.org/offre-de-formation-en-licence-professionnelle-et-fondamentale
LIC-121,Licence,121,Licence professionnelle en Logistique et Transport Miniers,Licence professionnelle,ISMG Boké,1,SE + SE-FA + SM,12,"1. Organiser les flux de matières
2. Gérer les stocks de site minier
3. Planifier le transport des minerais
4. Gérer le parc de véhicules lourds
5. Concevoir et optimiser les chaînes logistiques d’un site minier
6. Gérer les opérations de transit, de douane et d’exportation des minerais
7. Assurer la maintenance et le suivi de la disponibilité du parc d’engins
8. Appliquer la réglementation du transport et des matières dangereuses
9. Exploiter les progiciels de gestion des stocks et des flux
10. Élaborer les indicateurs de performance logistique et les tableaux de bord
11. Assurer la sécurité des opérations de manutention et de transport
12. Rédiger les procédures logistiques et les rapports d’activité","1. Chargé de logistique minière
2. Gestionnaire de stocks et d’approvisionnements de site
3. Chargé de transport et de flux de minerais
4. Gestionnaire de parc d’engins
5. Coordonnateur d’expédition","— Logistique minière —
• Services logistiques et d’approvisionnement des sociétés minières
• Services de gestion des stocks et des magasins techniques
• Services de planification des flux de matières
— Transport et acheminement —
• Entreprises de transport routier, ferroviaire et maritime
• Services de gestion des parcs de véhicules et d’engins
• Terminaux portuaires et plateformes de chargement
— Douanes, transit et achats —
• Entreprises de transit et de dédouanement
• Services des achats et des importations d’équipements
• Services de conformité documentaire
— Conseil, formation et entrepreneuriat —
• Cabinets de conseil en logistique et en chaîne d’approvisionnement
• Centres de formation en logistique
• Création d’entreprises de transport et de services logistiques",https://parcoursupguinee.org/offre-de-formation-en-licence-professionnelle-et-fondamentale
LIC-122,Licence,122,Licence professionnelle en Environnement Minier et Développement Durable,Licence professionnelle,ISMG Boké,1,SE + SE-FA + SM,12,"1. Analyser l’impact environnemental des mines
2. Assurer le suivi de la qualité des eaux de site
3. Surveiller la qualité de l’air
4. Gérer les résidus et les stériles
5. Réaliser les études d’impact environnemental et social des projets miniers
6. Élaborer et suivre les plans de gestion environnementale et de réhabilitation
7. Concevoir les dispositifs de traitement des effluents et de gestion des résidus
8. Assurer le suivi de la biodiversité et de la réhabilitation des sites
9. Appliquer le code de l’environnement, le code minier et les standards internationaux
10. Conduire la concertation avec les communautés riveraines et gérer les doléances
11. Exploiter les outils SIG pour le suivi environnemental des sites
12. Rédiger les rapports de conformité et de suivi environnemental","1. Chargé d’environnement minier
2. Chargé de suivi environnemental de site
3. Chargé de gestion des résidus et stériles
4. Chargé de réhabilitation des sites miniers
5. Chargé de relations avec les communautés riveraines","— Environnement minier —
• Services environnementaux des sociétés minières
• Services de suivi des eaux, de l’air et des sols sur site
• Services de gestion des résidus et des stériles
— Études d’impact et conformité —
• Bureaux d’études d’impact environnemental et social
• Services de conformité réglementaire et de certification
• Cabinets d’audit environnemental
— Réhabilitation et développement durable —
• Projets de réhabilitation et de fermeture des sites miniers
• Programmes de développement communautaire des zones minières
• Projets de responsabilité sociale des entreprises
— Administration, société civile et recherche —
• Services publics chargés de l’environnement et des mines
• Organisations non gouvernementales de gouvernance des ressources naturelles
• Laboratoires et centres de recherche appliquée",https://parcoursupguinee.org/offre-de-formation-en-licence-professionnelle-et-fondamentale
LIC-123,Licence,123,Licence professionnelle en Électricité et Automatisation des Installations Minières,Licence professionnelle,ISMG Boké,1,SE + SE-FA + SM,12,"1. Mettre en œuvre la distribution électrique sur site minier
2. Réaliser l’installation et le câblage industriel
3. Mettre en œuvre la commande et la protection des moteurs
4. Programmer les automates industriels
5. Dimensionner les réseaux de distribution électrique haute et basse tension
6. Établir les schémas électriques et les analyses fonctionnelles des installations
7. Configurer les variateurs, les démarreurs et les systèmes de supervision
8. Diagnostiquer les défauts électriques et assurer la continuité de service
9. Élaborer et suivre le plan de maintenance des équipements électriques
10. Appliquer les procédures de consignation et les règles de sécurité électrique
11. Encadrer une équipe d’intervention en milieu minier
12. Rédiger les dossiers techniques et les rapports d’intervention","1. Technicien électricien de site minier
2. Chargé d’automatisation des installations minières
3. Technicien de maintenance électrique industrielle
4. Chargé de distribution électrique de site
5. Programmeur d’automates industriels","— Électricité et automatisation minières —
• Services électriques et d’automatisation des sociétés minières
• Services de distribution électrique et de protection des réseaux sur site
• Services de commande et de supervision des installations
— Industrie et maintenance —
• Unités industrielles automatisées
• Services de maintenance électrique et d’instrumentation
• Ateliers de montage d’armoires et de tableaux électriques
— Énergie et travaux électriques —
• Sociétés de production et de distribution d’électricité
• Entreprises de travaux électriques et de sous-traitance
• Projets d’électrification des sites industriels
— Études, formation et entrepreneuriat —
• Bureaux d’études électriques et d’automatisation
• Centres de formation technique
• Création d’entreprises d’installation et de maintenance",https://parcoursupguinee.org/offre-de-formation-en-licence-professionnelle-et-fondamentale
LIC-124,Licence,124,Licence professionnelle en Exploitation Minière,Licence professionnelle,ISMG Boké,1,SE + SE-FA + SM,12,"1. Appliquer les méthodes d’exploitation à ciel ouvert
2. Appliquer les méthodes d’exploitation souterraine
3. Conduire le forage et l’abattage
4. Assurer la manipulation et sécurité des explosifs
5. Élaborer les plans d’exploitation à court et moyen terme
6. Dimensionner et suivre les flottes d’engins d’extraction et de transport
7. Assurer le contrôle de la teneur et la conformité du minerai extrait
8. Assurer la stabilité des talus, des gradins et des ouvrages souterrains
9. Appliquer le code minier et les règles de sécurité liées aux explosifs
10. Encadrer les équipes de production et organiser les postes de travail
11. Analyser les performances de production et proposer des optimisations
12. Rédiger les rapports de production et les comptes rendus de poste","1. Technicien d’exploitation minière
2. Chef de quart d’exploitation
3. Chargé de foration et de tir
4. Superviseur de production adjoint
5. Agent de suivi de la production minière","— Exploitation minière —
• Sociétés minières à ciel ouvert et souterraines
• Services de production, de forage et d’abattage
• Services de planification et de suivi de l’exploitation
— Carrières et sous —
• traitance —
• Exploitations de carrières et de granulats
• Entreprises de sous-traitance minière et de terrassement
• Entreprises de travaux publics
— Sécurité et environnement d’exploitation —
• Services de sécurité et de prévention des risques miniers
• Services de gestion des explosifs et des tirs
• Services environnementaux des sites d’exploitation
— Administration, formation et entrepreneuriat —
• Services publics chargés des mines
• Centres de formation technique minière
• Création d’entreprises de services miniers",https://parcoursupguinee.org/offre-de-formation-en-licence-professionnelle-et-fondamentale
LIC-125,Licence,125,Licence professionnelle en Géomatique et Topographie Minière,Licence professionnelle,ISMG Boké,1,SE + SE-FA + SM,12,"1. Réaliser les levés topographiques miniers
2. Réaliser le positionnement par satellite
3. Réaliser l’implantation des ouvrages miniers
4. Calculer les volumes extraits
5. Exploiter les stations totales, les scanners laser et les drones topographiques
6. Traiter les données de levés et produire les plans topographiques miniers
7. Assurer le suivi de l’avancement des fronts et des stocks
8. Exploiter les logiciels de SIG et de modélisation topographique
9. Contrôler la conformité géométrique des ouvrages réalisés
10. Assurer la maintenance et la vérification des instruments de mesure
11. Appliquer les règles de sécurité lors des levés sur site actif
12. Rédiger les rapports de levés et les notes de calcul de cubatures","1. Topographe minier
2. Géomaticien de site minier
3. Chargé de levés et d’implantation
4. Chargé de calcul des volumes extraits
5. Technicien en positionnement satellitaire","— Topographie minière —
• Services topographiques des sociétés minières
• Services d’implantation et de suivi des ouvrages miniers
• Services de calcul des volumes et de suivi de production
— Géomatique et cartographie —
• Structures de gestion des données géographiques
• Bureaux d’études en géomatique et en cartographie
• Projets de télédétection et de cartographie thématique
— Travaux publics et aménagement —
• Entreprises de travaux publics et de construction
• Services du cadastre et de la gestion foncière
• Projets d’infrastructures et de réseaux
— Administration, formation et entrepreneuriat —
• Services publics chargés des mines et du foncier
• Centres de formation technique
• Création de cabinets de levés topographiques",https://parcoursupguinee.org/offre-de-formation-en-licence-professionnelle-et-fondamentale
LIC-126,Licence,126,Licence professionnelle en Valorisation des Ressources Minérales,Licence professionnelle,ISMG Boké,1,SE + SE-FA + SM,12,"1. Mettre en œuvre la caractérisation des minerais
2. Réaliser les essais de traitement en laboratoire
3. Mettre en œuvre les procédés de concentration
4. Mettre en œuvre les procédés hydrométallurgiques
5. Conduire les essais de valorisation à l’échelle laboratoire et pilote
6. Établir les bilans matière et évaluer les rendements de récupération
7. Sélectionner les réactifs et optimiser les conditions opératoires
8. Caractériser les propriétés minéralogiques et physiques des minerais
9. Évaluer la faisabilité technico-économique d’un schéma de valorisation
10. Gérer les rejets et les effluents issus des essais et des procédés
11. Appliquer les règles d’hygiène et de sécurité en laboratoire et en usine
12. Rédiger les rapports d’essais et les recommandations techniques","1. Technicien en valorisation des ressources minérales
2. Chargé d’essais de laboratoire minéralurgique
3. Chargé de procédés de concentration
4. Technicien en hydrométallurgie
5. Assistant en optimisation des rendements","— Valorisation des ressources minérales —
• Usines de traitement et de concentration des minerais
• Unités d’hydrométallurgie et de valorisation
• Services de caractérisation et d’essais des minerais
— Laboratoires et contrôle qualité —
• Laboratoires d’essais et d’analyses minières
• Services d’échantillonnage et de contrôle de la production
• Services de bilans matière
— Matériaux et industries —
• Unités de production de matériaux de construction
• Industries utilisant des substances minérales
• Services de développement de nouveaux produits
— Études, recherche et entrepreneuriat —
• Bureaux d’études et sociétés d’ingénierie minière
• Laboratoires et centres de recherche appliquée
• Création d’unités de valorisation artisanale et semi-industrielle",https://parcoursupguinee.org/offre-de-formation-en-licence-professionnelle-et-fondamentale
LIC-127,Licence,127,Licence professionnelle en Mécatronique,Licence professionnelle,IST Mamou,1,SE + SE-FA + SM,12,"1. Assurer la conception mécanique assistée par ordinateur
2. Mettre en œuvre l’électronique de commande
3. Programmer les automates
4. Mettre en œuvre la robotique et bras manipulateurs
5. Analyser un cahier des charges et concevoir une solution mécatronique intégrée
6. Dimensionner les motorisations, les transmissions et les asservissements
7. Développer les programmes de commande et les interfaces homme-machine
8. Assurer l’intégration capteurs-actionneurs et les réseaux de communication industriels
9. Diagnostiquer les défaillances d’un système pluritechnologique
10. Élaborer et suivre le plan de maintenance des systèmes automatisés
11. Appliquer les règles de sécurité des machines et des robots
12. Rédiger les dossiers techniques et les notices d’exploitation","1. Technicien mécatronicien
2. Chargé de maintenance de systèmes automatisés
3. Technicien en robotique industrielle
4. Assistant ingénieur en conception mécatronique
5. Intégrateur de systèmes automatisés","— Mécatronique et robotique industrielle —
• Unités industrielles automatisées et robotisées
• Services de conception et d’intégration de systèmes mécatroniques
• Ateliers de montage et de mise au point des équipements
— Maintenance et automatismes —
• Services de maintenance des systèmes automatisés
• Services d’instrumentation et de régulation
• Entreprises d’installation d’armoires de commande
— Mines, énergie et agroalimentaire —
• Services techniques des sociétés minières
• Centrales énergétiques et unités de production
• Industries agroalimentaires et de conditionnement
— Études, formation et entrepreneuriat —
• Bureaux d’études techniques et sociétés d’ingénierie
• Centres de formation technique
• Création d’entreprises d’automatisation et de maintenance",https://parcoursupguinee.org/offre-de-formation-en-licence-professionnelle-et-fondamentale
LIC-128,Licence,128,Licence professionnelle en Systèmes Embarqués et Objets Connectés,Licence professionnelle,IST Mamou,1,SE + SE-FA + SM,12,"1. Programmer les microcontrôleurs
2. Concevoir des circuits électroniques
3. Mettre en œuvre des capteurs
4. Mobiliser les protocoles de communication sans fil
5. Concevoir l’architecture matérielle et logicielle d’un système embarqué
6. Développer en langage C et en environnement temps réel
7. Optimiser la consommation énergétique et l’autonomie des objets connectés
8. Mettre en œuvre les plateformes cloud et les passerelles de collecte de données
9. Assurer la sécurité des communications et des données des objets connectés
10. Réaliser les tests, la validation et le débogage des prototypes
11. Conduire un projet de développement embarqué de la conception à l’industrialisation
12. Rédiger les spécifications techniques et la documentation des systèmes","1. Développeur de systèmes embarqués
2. Technicien en objets connectés (IoT)
3. Concepteur de cartes électroniques
4. Chargé d’intégration capteurs et réseaux sans fil
5. Technicien en électronique programmable","— Systèmes embarqués et objets connectés —
• Entreprises de conception de cartes électroniques et de systèmes embarqués
• Projets d’objets connectés et de capteurs intelligents
• Start
— up et structures de prototypage. —
• Industrie, énergie et agriculture —
• Services d’instrumentation et de supervision industrielle
• Projets de comptage intelligent et de gestion de l’énergie
• Projets d’agriculture connectée et de suivi environnemental
— Télécommunications et sécurité —
• Opérateurs de télécommunications et réseaux d’objets connectés
• Entreprises de sécurité électronique et de contrôle d’accès
• Services de maintenance des équipements connectés
— Recherche, formation et entrepreneuriat —
• Laboratoires de recherche en électronique et en informatique embarquée
• Centres de formation technique
• Création d’entreprises de solutions connectées",https://parcoursupguinee.org/offre-de-formation-en-licence-professionnelle-et-fondamentale
LIC-129,Licence,129,Licence professionnelle en Informatique Industrielle,Licence professionnelle,IST Mamou,1,SE + SE-FA + SM,12,"1. Programmer les automates programmables
2. Mettre en œuvre l’instrumentation et la mesure industrielle
3. Assurer la régulation et contrôle des procédés
4. Superviser les installations
5. Concevoir l’architecture d’un système de contrôle-commande industriel
6. Développer les interfaces homme-machine et les systèmes de supervision (SCADA)
7. Mettre en œuvre les réseaux industriels et les protocoles de communication
8. Assurer l’acquisition, l’historisation et l’exploitation des données de production
9. Diagnostiquer les dysfonctionnements des systèmes automatisés
10. Assurer la cybersécurité des systèmes industriels
11. Élaborer et suivre le plan de maintenance des équipements de contrôle-commande
12. Rédiger les analyses fonctionnelles et les dossiers de programmation","1. Technicien en informatique industrielle
2. Chargé de supervision de procédés
3. Programmeur d’automates industriels
4. Technicien en instrumentation et régulation
5. Chargé de maintenance des systèmes de contrôle-commande","— Automatisation et contrôle des procédés —
• Services d’automatisation des unités industrielles
• Salles de contrôle et services de supervision des procédés
• Services de régulation et d’instrumentation
— Maintenance et informatique industrielle —
• Services de maintenance des automates et des équipements numériques
• Services de programmation des automates programmables
• Services de gestion des réseaux industriels
— Mines, énergie et agroalimentaire —
• Services techniques des sociétés minières
• Centrales énergétiques et réseaux électriques
• Industries agroalimentaires et unités de conditionnement
— Études, formation et entrepreneuriat —
• Bureaux d’études en automatisation
• Centres de formation technique
• Création d’entreprises d’installation et de maintenance industrielle",https://parcoursupguinee.org/offre-de-formation-en-licence-professionnelle-et-fondamentale
LIC-130,Licence,130,Licence professionnelle en Droit Privé,Licence professionnelle,UNG,1,SS + SS-FA,12,"1. Conduire l’analyse et la qualification juridique des faits
2. Appliquer le droit civil des personnes et des biens
3. Appliquer le droit des contrats et des obligations
4. Appliquer le droit commercial et les sociétés
5. Appliquer le droit du travail et relations professionnelles
6. Appliquer le droit pénal et la procédure pénale
7. Appliquer la procédure civile et voies de recours
8. Rédiger les actes juridiques
9. Pratiquer la plaidoirie et l’argumentation
10. Conduire la recherche documentaire et veille juridique
11. Conduire la négociation et le règlement amiable des litiges
12. Assurer le conseil juridique aux particuliers et aux entreprises","1. Juriste d’entreprise
2. Assistant juridique en cabinet
3. Chargé de contentieux et de recouvrement
4. Chargé de conformité contractuelle
5. Clerc de notaire","— Justice et professions judiciaires —
• Magistrature, après concours et formation professionnelle
• Barreau et cabinets d’avocats
• Études de notaire et d’huissier de justice
— Entreprises, banques et assurances —
• Services juridiques des entreprises et des banques
• Services des contrats et du recouvrement
• Services des ressources humaines, en droit social
— Administration et médiation —
• Greffes et services d’appui à la justice
• Administrations publiques et collectivités locales
• Structures de médiation et d’arbitrage
— Conseil, enseignement et entrepreneuriat —
• Cabinets de conseil juridique et de rédaction d’actes
• Établissements d’enseignement, notamment après poursuite d’études
• Création de cabinets de conseil juridique",https://parcoursupguinee.org/offre-de-formation-en-licence-professionnelle-et-fondamentale
LIC-131,Licence,131,Licence professionnelle en Droit Public,Licence professionnelle,UNG,1,SS + SS-FA,12,"1. Appliquer le droit constitutionnel et institutions de l’État
2. Appliquer le droit administratif général
3. Traiter le contentieux administratif
4. Appliquer le droit des collectivités locales
5. Gérer les finances publiques et budget de l’État
6. Appliquer le droit de la fonction publique
7. Analyser les marchés publics et commande publique
8. Rédiger les actes administratifs
9. Analyser les politiques publiques
10. Appliquer le droit international public
11. Conduire la recherche et veille juridiques
12. Assurer le conseil juridique aux administrations","1. Attaché d’administration
2. Chargé de contentieux administratif
3. Chargé de la commande publique
4. Chargé de gestion des collectivités locales
5. Assistant juridique en service public","— Administration publique et collectivités —
• Administrations centrales et services déconcentrés de l’État
• Collectivités locales et établissements publics
• Services du contentieux administratif et des marchés publics
— Institutions et régulation —
• Juridictions administratives, après concours
• Institutions de contrôle et autorités de régulation
• Services juridiques des agences publiques
— Coopération et société civile —
• Projets et programmes des partenaires au développement
• Organisations internationales et régionales
• Organisations non gouvernementales, en gouvernance et droits humains
— Conseil, enseignement et recherche —
• Cabinets de conseil en droit public
• Établissements d’enseignement, notamment après poursuite d’études
• Centres de documentation et de recherche juridique",https://parcoursupguinee.org/offre-de-formation-en-licence-professionnelle-et-fondamentale
LIC-132,Licence,132,Licence fondamentale en Économie,Licence fondamentale,UNG,1,SE + SE-FA + SM,12,"1. Conduire l’analyse microéconomique
2. Conduire l’analyse macroéconomique
3. Analyser l’économie monétaire et financière
4. Analyser l’économie du développement
5. Mobiliser les statistiques économiques
6. Mettre en œuvre les techniques économétriques
7. Analyser la conjoncture
8. Analyser l’économie internationale et échanges
9. Évaluer les politiques économiques
10. Analyser les marchés et le prix
11. Conduire la recherche documentaire économique
12. Rédiger des notes et rapports économiques","1. Chargé d’études économiques
2. Analyste économique junior
3. Chargé de planification et de programmation
4. Chargé de suivi-évaluation
5. Assistant de recherche en économie","— Administration économique et planification —
• Services d’études économiques et de planification des ministères
• Instituts de statistique et observatoires économiques
• Services de suivi et d’évaluation des politiques publiques
— Banque, finance et assurance —
• Banques et établissements de microfinance
• Compagnies d’assurance et institutions financières
• Services d’analyse économique et financière
— Entreprises et études de marché —
• Services d’études et de stratégie des entreprises
• Cabinets d’études et de conseil économique
• Services commerciaux et de veille concurrentielle
— Coopération, recherche et enseignement —
• Projets et programmes des partenaires au développement
• Laboratoires et centres de recherche en économie
• Établissements d’enseignement, notamment après poursuite d’études",https://parcoursupguinee.org/offre-de-formation-en-licence-professionnelle-et-fondamentale
LIC-133,Licence,133,Licence professionnelle en Développement Communautaire,Licence professionnelle,UNG,1,SE + SE-FA + SM,12,"1. Établir le diagnostic territorial participatif
2. Planifier le développement local
3. Monter des projets locaux
4. Élaborer les budgets de projet
5. Mobiliser les financements
6. Animer les instances locales
7. Gérer les ressources du territoire
8. Coordonner les acteurs locaux
9. Assurer le suivi et l’évaluation des projets
10. Gérer les conflits locaux
11. Assurer la communication avec les populations
12. Rédiger les rapports de projet","1. Agent de développement communautaire
2. Chargé de projets de développement local
3. Animateur d’organisations paysannes et communautaires
4. Chargé de mobilisation sociale
5. Chargé de suivi-évaluation de projets communautaires","— Développement communautaire —
• Projets et programmes de développement communautaire
• Organisations non gouvernementales et associations locales
• Services d’animation et de mobilisation sociale
— Collectivités et développement local —
• Services de développement local des collectivités
• Structures d’appui aux groupements et coopératives
• Projets de micro
— réalisations communautaires. —
• Coopération et humanitaire —
• Organisations internationales et agences de coopération
• Projets humanitaires et d’assistance aux populations vulnérables
• Services de suivi et évaluation des interventions
— Entreprises, formation et entrepreneuriat —
• Services de responsabilité sociale et de relations communautaires des entreprises
• Centres de formation et d’animation rurale
• Création de structures d’appui au développement",https://parcoursupguinee.org/offre-de-formation-en-licence-professionnelle-et-fondamentale
LIC-134,Licence,134,Licence professionnelle en Finance et Comptabilité,Licence professionnelle,ISCAEG,1,SE + SE-FA + SM,12,"1. Tenir la comptabilité générale selon le référentiel régional
2. Tenir la comptabilité analytique
3. Élaborer les états financiers
4. Conduire l’analyse financière et ratios
5. Traiter les opérations comptables courantes conformément au référentiel SYSCOHADA révisé
6. Établir les déclarations fiscales et sociales périodiques
7. Élaborer et suivre un budget de trésorerie
8. Mettre en œuvre les procédures de contrôle interne et de rapprochement bancaire
9. Participer aux travaux d’inventaire et de clôture des comptes
10. Exploiter un progiciel de gestion comptable et financière
11. Interpréter les états financiers et formuler un diagnostic financier
12. Rédiger les notes de synthèse et les rapports financiers","1. Comptable
2. Assistant comptable et financier
3. Chargé de gestion financière
4. Aide-comptable en cabinet d’expertise
5. Chargé d’élaboration des états financiers","— Comptabilité et finance d’entreprise —
• Services comptables et financiers des entreprises
• Services de trésorerie et de contrôle de gestion
• Services de reporting et d’élaboration des états financiers
— Cabinets et audit —
• Cabinets d’expertise comptable et d’audit
• Cabinets de conseil financier et fiscal
• Services d’audit interne des organisations
— Banque, assurance et microfinance —
• Banques et établissements de microfinance
• Compagnies d’assurance
• Services d’analyse financière et de gestion des risques
— Projets, administration et entrepreneuriat —
• Projets et programmes de développement, en gestion financière
• Services financiers des administrations et des collectivités
• Création de cabinets comptables et de services de gestion",https://parcoursupguinee.org/offre-de-formation-en-licence-professionnelle-et-fondamentale
LIC-135,Licence,135,Licence professionnelle en Gestion des Ressources Humaines,Licence professionnelle,ISCAEG,1,SE + SE-FA + SM,12,"1. Analyser les postes et les besoins en personnel
2. Mettre en œuvre le recrutement et la sélection des candidats
3. Conduire les entretiens professionnels
4. Assurer la gestion administrative du personnel
5. Élaborer un plan de gestion prévisionnelle des emplois et des compétences
6. Concevoir et mettre en œuvre un plan de formation
7. Établir la paie et les déclarations sociales obligatoires
8. Appliquer le code du travail et gérer les relations avec les représentants du personnel
9. Concevoir et exploiter un système d’évaluation de la performance
10. Prévenir et traiter les conflits sociaux au sein de l’organisation
11. Exploiter un système d’information de gestion des ressources humaines
12. Élaborer les tableaux de bord sociaux et rédiger les rapports RH","1. Chargé de ressources humaines
2. Chargé de recrutement
3. Gestionnaire de paie et d’administration du personnel
4. Chargé de formation
5. Assistant RH","— Ressources humaines en entreprise —
• Services des ressources humaines des entreprises et des banques
• Services de recrutement et de gestion des carrières
• Services de la paie et de l’administration du personnel
— Cabinets et conseil —
• Cabinets de recrutement et de chasse de têtes
• Cabinets de conseil en organisation et en gestion des talents
• Services d’audit social
— Formation et relations sociales —
• Services de formation et de développement des compétences
• Services de dialogue social et de gestion des conflits
• Centres de formation professionnelle
— Administration, projets et entrepreneuriat —
• Services du personnel des administrations et des collectivités
• Projets et organisations non gouvernementales, en gestion des équipes
• Création de cabinets de conseil en ressources humaines",https://parcoursupguinee.org/offre-de-formation-en-licence-professionnelle-et-fondamentale
LIC-136,Licence,136,Licence professionnelle en Marketing et Communication,Licence professionnelle,ISCAEG,1,SE + SE-FA + SM,12,"1. Analyser le marché
2. Mettre en œuvre la segmentation et le ciblage de la clientèle
3. Élaborer le plan marketing
4. Mettre en œuvre la politique de prix et la distribution
5. Concevoir et conduire une étude de marché quantitative et qualitative
6. Élaborer une stratégie de communication et un plan média
7. Concevoir et animer une campagne de marketing digital
8. Gérer la relation client et fidéliser un portefeuille
9. Négocier et conclure une vente en contexte professionnel
10. Analyser la performance commerciale à l’aide d’indicateurs pertinents
11. Appliquer la réglementation commerciale et les règles d’éthique publicitaire
12. Rédiger les supports de communication et les rapports d’activité commerciale","1. Chargé de marketing
2. Chargé de communication commerciale
3. Chef de produit junior
4. Chargé d’études de marché
5. Commercial / attaché commercial","— Marketing et commercial —
• Services marketing et commerciaux des entreprises
• Services d’études de marché et de développement des ventes
• Services de gestion de la marque et de la relation client
— Agences et communication —
• Agences de publicité et de communication
• Services de communication numérique et de gestion des réseaux sociaux
• Structures d’organisation d’événements
— Distribution, télécoms et banque —
• Enseignes de distribution et réseaux commerciaux
• Opérateurs de télécommunications
• Banques, assurances et établissements de microfinance
— Formation et entrepreneuriat —
• Centres de formation en marketing et en commerce
• Projets d’appui aux entreprises, en promotion commerciale
• Création d’agences de marketing et de services commerciaux",https://parcoursupguinee.org/offre-de-formation-en-licence-professionnelle-et-fondamentale
LIC-137,Licence,137,Licence professionnelle en Microfinance,Licence professionnelle,ISCAEG,1,SE + SE-FA + SM,12,"1. Analyser les demandes de crédit
2. Évaluer la capacité de remboursement
3. Monter les dossiers de financement
4. Assurer le suivi et le recouvrement des créances
5. Concevoir des produits d’épargne et de crédit adaptés aux clientèles ciblées
6. Appliquer la réglementation des institutions de microfinance
7. Évaluer et maîtriser le risque de crédit d’un portefeuille
8. Élaborer et suivre les indicateurs de performance sociale et financière
9. Animer et accompagner les groupes de caution solidaire
10. Exploiter un système d’information de gestion de microfinance
11. Assurer l’éducation financière des clients et des bénéficiaires
12. Rédiger les rapports d’activité et les notes de risque","1. Agent de crédit en institution de microfinance
2. Chargé de clientèle en microfinance
3. Analyste de dossiers de crédit
4. Chargé de recouvrement
5. Chargé d’éducation financière","— Microfinance et inclusion financière —
• Établissements de microfinance et caisses d’épargne et de crédit
• Services de crédit, d’analyse des dossiers et de recouvrement
• Services d’animation des groupes de caution solidaire
— Banques et institutions financières —
• Banques commerciales, en clientèle des petites entreprises
• Institutions de financement du développement
• Services de gestion des risques et de conformité
— Projets et coopératives —
• Projets de financement des activités génératrices de revenus
• Coopératives et groupements de producteurs
• Programmes d’éducation financière
— Administration, conseil et entrepreneuriat —
• Structures de supervision du secteur de la microfinance
• Cabinets de conseil et d’audit des institutions financières
• Création de structures de financement de proximité",https://parcoursupguinee.org/offre-de-formation-en-licence-professionnelle-et-fondamentale
LIC-138,Licence,138,Licence professionnelle en Entrepreneuriat et Gestion des PME et PMI,Licence professionnelle,ISCAEG,1,SE + SE-FA + SM,12,"1. Détecter les opportunités d’affaires
2. Analyser le marché et faisabilité
3. Rédiger le plan d’affaires
4. Mettre en œuvre la formalisation juridique de l’entreprise
5. Évaluer la faisabilité technique, commerciale et financière d’un projet d’entreprise
6. Élaborer les états financiers prévisionnels et le plan de trésorerie
7. Mobiliser les sources de financement et négocier avec les partenaires
8. Organiser et gérer les opérations courantes d’une PME
9. Appliquer la fiscalité et les obligations sociales applicables aux PME
10. Élaborer une stratégie commerciale et développer un portefeuille clients
11. Piloter la performance de l’entreprise à l’aide de tableaux de bord
12. Présenter et défendre un projet devant des investisseurs ou des bailleurs","1. Créateur et dirigeant de PME/PMI
2. Conseiller en création d’entreprise
3. Chargé d’accompagnement en incubateur
4. Gestionnaire de petite entreprise
5. Chargé d’appui aux entrepreneurs","— Création et gestion d’entreprise —
• Création et direction de petites et moyennes entreprises
• Services de gestion administrative, commerciale et financière
• Reprise et développement d’entreprises familiales
— Accompagnement et incubation —
• Structures d’incubation et d’accompagnement des entrepreneurs
• Services d’appui au montage des plans d’affaires
• Cabinets de conseil aux petites entreprises
— Financement et appui institutionnel —
• Établissements de microfinance et banques, en clientèle des entreprises
• Programmes publics d’appui à l’entrepreneuriat
• Projets de promotion du secteur privé
— Formation, chambres et réseaux —
• Centres de formation en entrepreneuriat
• Chambres de commerce et organisations patronales
• Réseaux et associations d’entrepreneurs",https://parcoursupguinee.org/offre-de-formation-en-licence-professionnelle-et-fondamentale
LIC-139,Licence,139,Licence professionnelle en Logistique et Supply Chain,Licence professionnelle,ISCAEG,1,SE + SE-FA + SM,12,"1. Gérer les stocks et les inventaires
2. Assurer l’organisation et la gestion des entrepôts
3. Planifier les approvisionnements
4. Gérer les achats et les fournisseurs
5. Concevoir et optimiser une chaîne logistique de bout en bout
6. Organiser le transport et gérer les opérations de transit et de douane
7. Exploiter un progiciel de gestion intégrée et un système de gestion d’entrepôt
8. Élaborer et suivre les indicateurs de performance logistique
9. Négocier et suivre les contrats fournisseurs et prestataires
10. Appliquer la réglementation du transport et des marchandises dangereuses
11. Assurer la sécurité et l’hygiène des opérations de manutention et de stockage
12. Rédiger les procédures logistiques et les rapports d’activité","1. Chargé de logistique
2. Gestionnaire de stocks et d’entrepôt
3. Chargé d’approvisionnement
4. Acheteur junior
5. Coordonnateur de chaîne d’approvisionnement","— Logistique et chaîne d’approvisionnement —
• Services logistiques et d’approvisionnement des entreprises
• Entrepôts, magasins et plateformes de distribution
• Services de gestion des stocks et des inventaires
— Transport, transit et douanes —
• Entreprises de transport, de transit et de dédouanement
• Ports, aéroports et terminaux de fret
• Services d’expédition et de suivi des marchandises
— Achats et distribution —
• Services des achats et de la gestion des fournisseurs
• Centrales d’achat et réseaux de distribution
• Services de planification des approvisionnements
— Mines, projets et entrepreneuriat —
• Services logistiques des sociétés minières et industrielles
• Projets et organisations humanitaires, en logistique
• Création d’entreprises de transport et de services logistiques",https://parcoursupguinee.org/offre-de-formation-en-licence-professionnelle-et-fondamentale
LIC-140,Licence,140,Licence professionnelle en Sciences Alimentaires et Nutrition,Licence professionnelle,ESTH,1,SE + SE-FA,12,"1. Réaliser la composition et la valeur nutritive des aliments
2. Réaliser les analyses physico-chimiques des aliments
3. Réaliser les analyses microbiologiques des aliments
4. Mettre en œuvre les procédés de transformation alimentaire
5. Évaluer l’état nutritionnel d’un individu et d’une population
6. Concevoir des rations et des régimes alimentaires adaptés
7. Mettre en œuvre un système HACCP dans une unité de production alimentaire
8. Appliquer la réglementation et les normes de sécurité sanitaire des aliments
9. Concevoir et formuler des produits alimentaires enrichis
10. Conduire des actions d’éducation nutritionnelle auprès des communautés
11. Exploiter les outils statistiques d’analyse des enquêtes nutritionnelles
12. Rédiger les rapports d’analyse et les protocoles de production","1. Technicien en sciences alimentaires
2. Chargé de contrôle qualité agroalimentaire
3. Conseiller en nutrition
4. Technicien de laboratoire d’analyses alimentaires
5. Chargé de programmes de sécurité nutritionnelle","— Nutrition et santé —
• Services de nutrition et de diététique des structures de santé
• Centres de récupération nutritionnelle
• Programmes de nutrition maternelle et infantile
— Industries agroalimentaires —
• Services de formulation et de contrôle nutritionnel des produits
• Laboratoires d’analyse des aliments
• Services qualité et étiquetage nutritionnel
— Restauration collective et sécurité sanitaire —
• Services de restauration collective (écoles, hôpitaux, entreprises)
• Services d’hygiène et de sécurité sanitaire des aliments
• Services d’inspection et de contrôle alimentaire
— Projets, recherche et entrepreneuriat —
• Projets et programmes de sécurité alimentaire et nutritionnelle
• Laboratoires et centres de recherche en nutrition
• Création de services de conseil et de production alimentaire",https://parcoursupguinee.org/offre-de-formation-en-licence-professionnelle-et-fondamentale
LIC-141,Licence,141,Licence professionnelle en Management Touristique,Licence professionnelle,ESTH,1,SE + SE-FA + SM + SS + SS-FA,12,"1. Analyser le marché touristique
2. Concevoir les produits et circuits touristiques
3. Commercialiser les offres touristiques
4. Gérer les agences de voyage
5. Élaborer un plan de développement touristique territorial
6. Concevoir et chiffrer un forfait touristique
7. Assurer la qualité de l’accueil et de la relation avec la clientèle internationale
8. Exploiter les outils numériques de réservation et de distribution en ligne
9. Appliquer la réglementation du tourisme et le droit des contrats de voyage
10. Élaborer et suivre le budget d’une structure touristique
11. Valoriser le patrimoine naturel et culturel dans une démarche durable
12. Rédiger les supports promotionnels et les rapports d’activité","1. Chargé de produits touristiques
2. Conseiller en voyages
3. Guide touristique
4. Responsable d’agence de voyage adjoint
5. Chargé de promotion de destination","— Tourisme et voyages —
• Agences de voyages et tour-opérateurs
• Structures de conception et de commercialisation de circuits
• Services d’accueil et de guidage touristique
— Administration et promotion du tourisme —
• Services publics chargés du tourisme
• Offices et structures de promotion des destinations
• Projets de développement touristique des territoires
— Hôtellerie, culture et écotourisme —
• Hôtels, résidences et structures d’hébergement
• Sites culturels, patrimoniaux et parcs naturels
• Projets d’écotourisme et de tourisme communautaire
— Événementiel, formation et entrepreneuriat —
• Structures d’organisation d’événements et de séminaires
• Centres de formation en tourisme
• Création d’agences et de structures d’accueil touristique",https://parcoursupguinee.org/offre-de-formation-en-licence-professionnelle-et-fondamentale
LIC-142,Licence,142,Licence Professionnelle en Management de l’Hôtellerie et de la Restauration,Licence professionnelle,ESTH,1,SE + SE-FA + SM + SS + SS-FA,12,"1. Gérer les opérations hôtelières
2. Gérer la réception et les réservations
3. Gérer les étages et l’entretien
4. Organiser le service en restauration
5. Élaborer et suivre le budget d’exploitation d’un établissement hôtelier
6. Mettre en œuvre une démarche qualité et traiter les réclamations clients
7. Appliquer les règles d’hygiène alimentaire et le système HACCP en restauration
8. Gérer les approvisionnements, les stocks et les coûts matières
9. Exploiter les logiciels de gestion hôtelière et de distribution en ligne
10. Encadrer, planifier et former les équipes d’exploitation
11. Concevoir et commercialiser une offre de restauration et d’hébergement
12. Analyser la performance commerciale (taux d’occupation, revenu par chambre)","1. Chef de réception
2. Gouvernant d’étage
3. Responsable de restauration adjoint
4. Chargé de gestion hôtelière
5. Directeur d’établissement hôtelier adjoint","— Hôtellerie —
• Hôtels, résidences et structures d’hébergement
• Services de réception, de réservation et d’étages
• Services d’exploitation et de gestion hôtelière
— Restauration —
• Restaurants, cafés et structures de restauration
• Services de salle, de bar et de production culinaire
• Services de restauration collective et d’événementiel
— Tourisme et loisirs —
• Agences de voyages et structures d’accueil touristique
• Sites touristiques, parcs et centres de loisirs
• Structures d’organisation de séminaires et de banquets
— Qualité, formation et entrepreneuriat —
• Services qualité, hygiène et sécurité alimentaire des établissements
• Centres de formation en hôtellerie et restauration
• Création d’établissements d’hébergement et de restauration",https://parcoursupguinee.org/offre-de-formation-en-licence-professionnelle-et-fondamentale
LIC-143,Licence,143,Licence fondamentale en Management des Entreprises Agricoles,Licence fondamentale,ISAV Faranah,1,SE + SE-FA + SM,12,"1. Assurer la gestion technique de l’exploitation agricole
2. Tenir la comptabilité agricole
3. Analyser la rentabilité des productions
4. Élaborer le plan d’exploitation
5. Concevoir un plan d’affaires pour une entreprise agricole
6. Analyser les coûts de production et les marges par spéculation
7. Gérer les approvisionnements, les stocks et la commercialisation des produits
8. Mobiliser les financements agricoles et gérer la relation avec les institutions de crédit
9. Appliquer la fiscalité et le droit applicables aux exploitations agricoles
10. Encadrer le personnel et organiser le travail sur l’exploitation
11. Exploiter les outils informatiques de gestion agricole
12. Rédiger les rapports de gestion et les documents de projet","1. Gestionnaire d’exploitation agricole
2. Chargé de gestion technico-économique
3. Conseiller en gestion d’entreprise agricole
4. Chargé de projets agro-entrepreneuriaux
5. Responsable d’unité de production agricole","— Gestion des exploitations agricoles —
• Exploitations et entreprises agricoles
• Services de gestion technico-économique des fermes
• Services de planification et de comptabilité agricole
— Coopératives et filières —
• Coopératives et groupements de producteurs
• Structures de commercialisation des produits agricoles
• Services d’appui à la structuration des filières
— Financement et appui aux producteurs —
• Établissements de microfinance et banques agricoles
• Projets de financement des activités agricoles
• Services de conseil de gestion aux exploitations
— Administration, projets et entrepreneuriat —
• Services publics chargés de l’agriculture
• Projets et programmes de développement agricole
• Création et gestion d’entreprises agricoles",https://parcoursupguinee.org/offre-de-formation-en-licence-professionnelle-et-fondamentale
LIC-144,Licence,144,Licence fondamentale en Économie Agricole,Licence fondamentale,ISAV Faranah,1,SE + SE-FA + SM,12,"1. Analyser les filières agricoles
2. Assurer la gestion technico-économique des exploitations
3. Analyser les marchés agricoles
4. Analyser les prix et les marges
5. Conduire une enquête économique en milieu rural
6. Évaluer la compétitivité et la valeur ajoutée des filières agricoles
7. Analyser les politiques agricoles et leurs effets sur les producteurs
8. Modéliser l’offre, la demande et la formation des prix agricoles
9. Évaluer la rentabilité des investissements agricoles
10. Exploiter les outils statistiques et économétriques de traitement des données
11. Contribuer au suivi-évaluation des programmes de développement rural
12. Rédiger les notes d’analyse et les rapports d’étude économique","1. Chargé d’études en économie agricole
2. Analyste de filières agricoles
3. Chargé d’études de marchés agricoles
4. Chargé de suivi des prix et des marges
5. Assistant de recherche en économie rurale","— Économie agricole et filières —
• Services d’études et d’analyse des filières agricoles
• Services de suivi des prix et des marchés agricoles
• Observatoires de la sécurité alimentaire
— Administration et politiques agricoles —
• Services publics chargés de l’agriculture et du commerce
• Services de planification et de statistique agricole
• Structures de régulation des marchés
— Coopération et développement rural —
• Projets et programmes de développement agricole
• Organisations non gouvernementales et organisations internationales
• Services de suivi et évaluation des projets ruraux
— Financement, conseil et recherche —
• Banques agricoles et établissements de microfinance
• Cabinets d’études et de conseil agricole
• Centres de recherche en économie rurale",https://parcoursupguinee.org/offre-de-formation-en-licence-professionnelle-et-fondamentale
LIC-145,Licence,145,Licence professionnelle en Vulgarisation Agricole,Licence professionnelle,ISAV Faranah,1,SE + SE-FA + SM,12,"1. Diagnostiquer les besoins des producteurs
2. Mettre en œuvre les techniques de communication rurale
3. Animer les groupes de producteurs
4. Mobiliser les démonstrations en champ-école
5. Concevoir un plan de vulgarisation et de conseil agricole
6. Élaborer des supports de vulgarisation adaptés aux publics ruraux
7. Organiser et suivre les parcelles de démonstration et les essais en milieu paysan
8. Structurer et accompagner les organisations de producteurs
9. Faciliter l’accès des producteurs aux intrants, au crédit et aux marchés
10. Intégrer les approches genre et jeunesse dans les actions de vulgarisation
11. Évaluer l’adoption des innovations et les effets des actions de conseil
12. Rédiger les rapports d’activité et les fiches techniques","1. Agent de vulgarisation agricole
2. Conseiller technique auprès des producteurs
3. Animateur de champ-école paysan
4. Chargé de transfert de technologies agricoles
5. Chargé d’appui-conseil en organisation paysanne","— Vulgarisation et conseil agricole —
• Services publics de vulgarisation agricole
• Services d’encadrement et de conseil aux producteurs
• Champs
— écoles et sites de démonstration. —
• Organisations de producteurs —
• Coopératives, groupements et unions de producteurs
• Services d’animation et de structuration des organisations paysannes
• Projets de renforcement des capacités des producteurs
— Projets et coopération —
• Projets et programmes de développement agricole et rural
• Organisations non gouvernementales et organisations internationales
• Services de suivi et évaluation des interventions
— Intrants, formation et entrepreneuriat —
• Entreprises de distribution d’intrants et d’équipements
• Centres de formation et d’animation rurale
• Création de services de conseil agricole",https://parcoursupguinee.org/offre-de-formation-en-licence-professionnelle-et-fondamentale
LIC-146,Licence,146,Licence professionnelle en Aménagement et Environnement Forestiers,Licence professionnelle,ISAV Faranah,1,SE + SE-FA + SM,12,"1. Réaliser l’inventaire forestier
2. Réaliser la cartographie des massifs forestiers
3. Élaborer les plans d’aménagement
4. Mettre en œuvre les techniques de reboisement
5. Évaluer les ressources forestières et la productivité des peuplements
6. Mettre en œuvre les opérations sylvicoles d’entretien et d’éclaircie
7. Assurer la prévention et la lutte contre les feux de brousse
8. Appliquer le code forestier et contrôler l’exploitation des produits ligneux
9. Exploiter les outils SIG et de télédétection pour le suivi des massifs
10. Animer la gestion participative des ressources forestières avec les communautés
11. Assurer le suivi de la faune et de la flore des massifs aménagés
12. Rédiger les rapports d’inventaire et de suivi forestier","1. Technicien forestier
2. Chargé d’inventaire et de cartographie forestière
3. Agent de reboisement
4. Agent des eaux et forêts
5. Technicien de suivi des massifs forestiers","— Forêts et aires protégées —
• Services publics chargés des forêts et de la faune
• Structures de gestion des aires protégées
• Services d’inventaire et de surveillance forestière
— Reboisement et restauration des milieux —
• Projets de reboisement et de plantations
• Pépinières forestières
• Projets de lutte contre l’érosion et de restauration des terres
— Filière bois et produits forestiers —
• Entreprises d’exploitation et de transformation du bois
• Services de contrôle et de traçabilité des produits forestiers
• Projets de valorisation des produits forestiers non ligneux
— Projets, coopération et entrepreneuriat —
• Projets et programmes de gestion durable des forêts
• Organisations non gouvernementales environnementales
• Création d’entreprises de plantation et de services forestiers",https://parcoursupguinee.org/offre-de-formation-en-licence-professionnelle-et-fondamentale
LIC-147,Licence,147,Licence professionnelle en Sciences Alimentaires et Nutritionnelles,Licence professionnelle,ISAV Faranah,1,SE + SE-FA + SM,12,"1. Réaliser la composition et la valeur nutritive des aliments
2. Réaliser les analyses physico-chimiques des aliments
3. Réaliser les analyses microbiologiques des aliments
4. Mettre en œuvre les procédés de transformation alimentaire
5. Évaluer l’état nutritionnel d’un individu et d’une population
6. Concevoir des rations et des régimes alimentaires adaptés
7. Mettre en œuvre un système HACCP dans une unité de production alimentaire
8. Appliquer la réglementation et les normes de sécurité sanitaire des aliments
9. Formuler des produits alimentaires enrichis à partir de ressources locales
10. Conduire des actions d’éducation nutritionnelle auprès des communautés
11. Exploiter les outils statistiques d’analyse des enquêtes nutritionnelles
12. Rédiger les rapports d’analyse et les protocoles de production","1. Technicien en sciences alimentaires et nutrition
2. Chargé de contrôle qualité agroalimentaire
3. Conseiller en nutrition communautaire
4. Technicien de laboratoire alimentaire
5. Chargé de programmes nutritionnels","— Nutrition et santé publique —
• Services de nutrition des structures de santé
• Centres de récupération nutritionnelle
• Programmes de nutrition maternelle et infantile
— Industries agroalimentaires et laboratoires —
• Services qualité et formulation des unités agroalimentaires
• Laboratoires d’analyse des aliments
• Services de contrôle de la sécurité sanitaire des denrées
— Restauration collective et sensibilisation —
• Services de restauration collective (écoles, hôpitaux, entreprises)
• Programmes d’éducation nutritionnelle
• Projets de sécurité alimentaire des ménages
— Projets, recherche et entrepreneuriat —
• Projets et programmes de nutrition et de sécurité alimentaire
• Centres de recherche en nutrition et technologie alimentaire
• Création de services de conseil et d’unités de production",https://parcoursupguinee.org/offre-de-formation-en-licence-professionnelle-et-fondamentale
LIC-148,Licence,148,Licence professionnelle en Génie Rural,Licence professionnelle,ISAV Faranah,1,SE + SE-FA + SM,12,"1. Mettre en œuvre la topographie appliquée à l’agriculture
2. Concevoir l’aménagement des périmètres irrigués
3. Concevoir les réseaux d’irrigation
4. Concevoir les ouvrages de retenue et de captage
5. Réaliser les études hydrologiques et pédologiques préalables à un aménagement
6. Dimensionner les ouvrages de captage, de retenue et de drainage
7. Établir les métrés et les devis des travaux hydro-agricoles
8. Conduire et contrôler les travaux d’aménagement rural
9. Assurer la maintenance des réseaux et des équipements d’irrigation
10. Organiser la gestion participative des périmètres irrigués
11. Appliquer les règles de sécurité et de protection de l’environnement sur chantier
12. Rédiger les rapports de suivi de travaux","1. Technicien du génie rural
2. Chargé de suivi de périmètres irrigués
3. Technicien en réseaux d’irrigation
4. Agent technique d’ouvrages hydro-agricoles
5. Chef d’équipe travaux ruraux","— Irrigation et aménagements ruraux —
• Projets d’irrigation et de périmètres hydro-agricoles
• Services d’aménagement des bas-fonds et des terres agricoles
• Entreprises de travaux hydro
— agricoles. —
• Infrastructures rurales —
• Services publics chargés du génie rural
• Projets de pistes rurales, de retenues et de forages
• Bureaux d’études techniques ruraux
— Mécanisation et équipements agricoles —
• Services de mécanisation et de maintenance des équipements
• Entreprises de distribution de matériel agricole
• Services de gestion des parcs d’engins agricoles
— Projets, formation et entrepreneuriat —
• Projets et programmes de développement rural
• Centres de formation technique agricole
• Création d’entreprises de travaux et de services ruraux",https://parcoursupguinee.org/offre-de-formation-en-licence-professionnelle-et-fondamentale
LIC-149,Licence,149,Licence professionnelle en Agroforesterie,Licence professionnelle,ISAV Faranah,1,SE + SE-FA + SM,12,"1. Concevoir les systèmes agroforestiers
2. Choisir les espèces associées
3. Produire des plants en pépinière
4. Mettre en œuvre les techniques de plantation
5. Diagnostiquer les systèmes de production et les usages des terres
6. Conduire l’entretien, la taille et la gestion des arbres associés aux cultures
7. Évaluer les services écosystémiques des systèmes agroforestiers
8. Évaluer la rentabilité technico-économique d’une parcelle agroforestière
9. Mettre en œuvre les techniques de restauration des sols dégradés
10. Animer et accompagner les groupements de producteurs
11. Exploiter les outils cartographiques de suivi des parcelles
12. Rédiger les fiches techniques et les rapports de suivi","1. Technicien agroforestier
2. Chargé de mise en place de systèmes agroforestiers
3. Pépiniériste
4. Agent de restauration des terres
5. Chargé d’appui technique agroforestier","— Systèmes agroforestiers —
• Exploitations agroforestières et fermes intégrées
• Pépinières et unités de production de plants
• Services de conception et de suivi des plantations associées
— Environnement et restauration des terres —
• Projets de reboisement et de conservation des sols
• Structures de gestion des terroirs et des ressources naturelles
• Projets d’adaptation au changement climatique
— Appui aux producteurs —
• Services de vulgarisation et de conseil agricole
• Coopératives et groupements de producteurs
• Projets de développement rural participatif
— Recherche, formation et entrepreneuriat —
• Centres de recherche agronomique et forestière
• Centres de formation et d’animation rurale
• Création d’exploitations agroforestières et de pépinières",https://parcoursupguinee.org/offre-de-formation-en-licence-professionnelle-et-fondamentale
LIC-150,Licence,150,Licence professionnelle en Agriculture,Licence professionnelle,ISAV Faranah,1,SE + SE-FA + SM,12,"1. Conduire l’analyse et fertilité des sols
2. Conduire les cultures vivrières et de rente
3. Assurer la protection phytosanitaire des cultures
4. Assurer la gestion technique de l’exploitation
5. Établir un diagnostic agronomique de parcelle et d’exploitation
6. Élaborer un itinéraire technique adapté à chaque spéculation
7. Mettre en œuvre la protection intégrée et l’usage raisonné des pesticides
8. Conduire les opérations de récolte, de post-récolte et de stockage
9. Évaluer la rentabilité technico-économique des productions
10. Adapter les pratiques culturales aux contraintes climatiques locales
11. Conseiller et former les producteurs aux bonnes pratiques agricoles
12. Rédiger les fiches techniques et les rapports de campagne","1. Technicien agricole
2. Conseiller agricole de proximité
3. Chargé de production végétale
4. Agent de protection phytosanitaire
5. Chef d’exploitation agricole adjoint","— Production et conduite des cultures —
• Exploitations et fermes agricoles
• Services de conduite des cultures vivrières, maraîchères et de rente
• Unités de production semencière et pépinières
— Appui technique et vulgarisation —
• Services publics chargés de l’agriculture
• Services de vulgarisation et d’encadrement des producteurs
• Coopératives et groupements de producteurs
— Intrants et protection des cultures —
• Entreprises de distribution d’intrants et d’équipements agricoles
• Services de protection phytosanitaire
• Laboratoires d’analyse des sols et de fertilité
— Projets, formation et entrepreneuriat —
• Projets et programmes de développement agricole
• Centres de formation agricole
• Création et gestion d’exploitations agricoles",https://parcoursupguinee.org/offre-de-formation-en-licence-professionnelle-et-fondamentale
DUT-001,DUT & Cycle préparatoire,1,DUT en Assistant Vétérinaire,DUT,ISSMV,1,SE + SE-FA,12,"1. Mettre en œuvre la contention et la manipulation l’animaux
2. Dispenser les soins de base aux animaux
3. Assurer l’assistance aux consultations
4. Assurer l’assistance aux actes chirurgicaux
5. Administrer les vaccins et traitements
6. Réaliser les prélèvements et analyses simples
7. Appliquer les règles d’hygiène le locaux et le matériel
8. Assurer l’alimentation et la surveillance l’animaux
9. Gérer la pharmacie vétérinaire
10. Tenir les registres sanitaires
11. Assurer le conseil de base aux éleveurs
12. Assurer l’accueil de la clientèle","1. Assistant vétérinaire
2. Auxiliaire de clinique vétérinaire
3. Agent d’élevage et de suivi sanitaire
4. Assistant en laboratoire vétérinaire
5. Agent d’inspection sanitaire adjoint","— Cliniques et structures vétérinaires —
• Cliniques et cabinets vétérinaires
• Pharmacies et dépôts de produits vétérinaires
• Services vétérinaires publics, en appui technique
— Élevages et fermes —
• Fermes d’élevage de ruminants, de volailles et de porcins
• Élevages laitiers et unités avicoles
• Services d’appui sanitaire aux éleveurs
— Campagnes sanitaires et projets —
• Campagnes de vaccination et de déparasitage
• Projets et programmes de développement de l’élevage
• Organisations non gouvernementales, en santé animale
— Laboratoires et entrepreneuriat —
• Laboratoires vétérinaires, en assistance technique
• Entreprises de distribution d’intrants d’élevage
• Création de dépôts et de services de proximité",https://parcoursupguinee.org/offre-de-formation-en-dut-et-cycle-preparatoire
DUT-002,DUT & Cycle préparatoire,2,DUT en Contrôle de Qualité des Aliments,DUT,ISSMV,1,SE + SE-FA + SM,12,"1. Prélever les échantillons alimentaires
2. Réaliser les analyses physico-chimiques de base
3. Réaliser les analyses microbiologiques de base
4. Contrôler l’hygiène le locaux
5. Mettre en œuvre la vérification de l’étiquetage
6. Contrôler les conditions de stockage
7. Appliquer les procédures qualité
8. Contrôler la chaîne du froid
9. Utiliser les appareils de laboratoire
10. Assurer l’enregistrement et traçabilité des contrôles
11. Sensibiliser le personnel à l’hygiène
12. Rédiger les fiches de contrôle","1. Technicien de contrôle qualité des aliments
2. Agent de laboratoire agroalimentaire
3. Assistant HACCP
4. Contrôleur sanitaire adjoint
5. Technicien d’échantillonnage alimentaire","— Laboratoires de contrôle alimentaire —
• Laboratoires d’analyses physico-chimiques et microbiologiques
• Services de prélèvement et d’échantillonnage
• Laboratoires publics de contrôle sanitaire
— Industries agroalimentaires —
• Services qualité et hygiène des unités de transformation
• Lignes de production et de conditionnement
• Services de traçabilité et de contrôle des stocks
— Contrôle officiel et distribution —
• Services d’inspection sanitaire et de protection du consommateur
• Grandes surfaces, marchés et réseaux de distribution
• Services de contrôle des importations alimentaires
— Restauration collective et entrepreneuriat —
• Services de restauration collective (écoles, hôpitaux, entreprises)
• Structures de formation à l’hygiène alimentaire
• Création de services de contrôle et de conseil",https://parcoursupguinee.org/offre-de-formation-en-dut-et-cycle-preparatoire
DUT-003,DUT & Cycle préparatoire,3,DUT en Aquaculture,DUT,ISSMV,1,SE + SE-FA + SM,12,"1. Mettre en œuvre la construction et entretien des étangs
2. Assurer la préparation et la fertilisation des bassins
3. Mettre en œuvre l’empoissonnement et densité d’élevage
4. Conduire la fabrication et la distribution des aliments
5. Assurer le suivi de la croissance des poissons
6. Contrôler la qualité de l’eau
7. Prévenir les maladies des poissons
8. Mettre en œuvre les techniques de reproduction
9. Produire des alevins
10. Mettre en œuvre le récolte et tri des poissons
11. Assurer la conservation et vente de la production
12. Tenir les registres d’élevage","1. Technicien aquacole
2. Agent d’écloserie et de nurserie
3. Technicien de suivi des élevages piscicoles
4. Agent de production aquacole
5. Assistant technique en projet aquacole","— Fermes aquacoles et écloseries —
• Fermes piscicoles et exploitations aquacoles
• Écloseries et stations de production d’alevins
• Unités de production d’aliments pour poissons
— Appui technique et administration —
• Services publics chargés de la pêche et de l’aquaculture
• Services de vulgarisation et d’encadrement des pisciculteurs
• Projets et programmes de développement aquacole
— Commercialisation et transformation —
• Unités de conservation et de transformation du poisson
• Réseaux de distribution et marchés
• Coopératives et groupements de producteurs
— Entrepreneuriat et formation —
• Création et gestion de fermes piscicoles
• Centres de formation technique et professionnelle
• Structures d’appui aux jeunes entrepreneurs agricoles",https://parcoursupguinee.org/offre-de-formation-en-dut-et-cycle-preparatoire
DUT-004,DUT & Cycle préparatoire,4,DUT en Énergies Renouvelables et Efficacité Énergétique,DUT,UK,1,SE + SE-FA + SM,12,"1. Installer les systèmes solaires
2. Assurer la maintenance des équipements solaires
3. Mobiliser les notions d’installation éolienne
4. Assurer la valorisation énergétique de la biomasse
5. Réaliser le câblage et le raccordement électrique
6. Dimensionner les petites installations
7. Réaliser l’audit énergétique simplifié
8. Améliorer l’efficacité énergétique
9. Mesurer les consommations
10. Diagnostiquer les pannes courantes
11. Assurer la sécurité électrique
12. Assurer le conseil et la sensibilisation des usagers","1. Technicien en énergies renouvelables
2. Installateur-mainteneur photovoltaïque
3. Technicien en efficacité énergétique
4. Agent de diagnostic énergétique
5. Technicien d’exploitation de mini-réseaux","— Installation et maintenance solaires —
• Entreprises d’installation de systèmes photovoltaïques
• Services de maintenance des équipements solaires
• Unités de stockage et de gestion de l’énergie
— Électricité et électrification rurale —
• Sociétés de distribution d’électricité
• Projets d’électrification rurale et de mini-réseaux
• Services techniques des collectivités locales
— Efficacité énergétique et bâtiments —
• Services d’audit et de maîtrise de l’énergie
• Services techniques des bâtiments, hôtels et industries
• Entreprises de comptage et de suivi des consommations
— Projets, formation et entrepreneuriat —
• Projets énergétiques des partenaires au développement
• Centres de formation technique et professionnelle
• Création d’entreprises d’installation et de dépannage",https://parcoursupguinee.org/offre-de-formation-en-dut-et-cycle-preparatoire
DUT-005,DUT & Cycle préparatoire,5,DUT en Réalisation et Production Cinématographiques,DUT,ISAMK Dubr.,1,SS + SS-FA,12,"1. Assurer l’écriture et le découpage technique
2. Organiser les tournages
3. Assurer le cadrage et prise de vues
4. Réaliser le montage et la postproduction
5. Concevoir un dossier de production et un plan de financement de film
6. Diriger les comédiens et l’équipe technique sur un plateau
7. Mettre en œuvre l’éclairage et la prise de son de tournage
8. Assurer l’étalonnage et le mixage en postproduction
9. Gérer la logistique, les autorisations et la régie de tournage
10. Respecter le droit d’auteur et les droits voisins
11. Assurer la diffusion et la valorisation des œuvres réalisées
12. Analyser et critiquer une œuvre cinématographique","1. Assistant de réalisation
2. Assistant de production cinématographique
3. Cadreur
4. Monteur
5. Régisseur de tournage","— Tournage et production —
• Sociétés de production de films et de documentaires
• Équipes techniques de tournage (assistanat, régie, image)
• Structures de production de contenus publicitaires
— Télévision et post —
• production —
• Chaînes de télévision et sociétés de production audiovisuelle
• Studios de montage et de post-production
• Services de captation et de diffusion
— Communication institutionnelle —
• Services de communication audiovisuelle des organisations
• Organisations non gouvernementales, en films de sensibilisation
• Agences de publicité et de contenus
— Diffusion, formation et entrepreneuriat —
• Festivals et structures de diffusion
• Centres de formation technique aux métiers de l’image
• Création de structures de production audiovisuelle",https://parcoursupguinee.org/offre-de-formation-en-dut-et-cycle-preparatoire
DUT-006,DUT & Cycle préparatoire,6,DUT en Production Audiovisuelle et Médias Numériques,DUT,ISAMK Dubr.,1,SS + SS-FA,12,"1. Réaliser la prise de vues et l’éclairage
2. Réaliser la prise de son et la sonorisation
3. Réaliser le montage vidéo
4. Produire des contenus pour les médias numériques
5. Concevoir un scénario et un storyboard adaptés au support de diffusion
6. Réaliser le montage et l’habillage graphique des contenus
7. Assurer l’encodage, la compression et la publication multiplateforme
8. Exploiter les outils de production en direct et de captation multicaméra
9. Analyser l’audience et adapter les contenus aux publics visés
10. Gérer les moyens techniques et le planning d’une production
11. Respecter le droit d’auteur, le droit à l’image et la déontologie des médias
12. Assurer la maintenance de premier niveau des équipements audiovisuels","1. Technicien de production audiovisuelle
2. Opérateur de prise de vues et de son
3. Monteur vidéo
4. Créateur de contenus pour médias numériques
5. Assistant de production web","— Production audiovisuelle —
• Sociétés de production audiovisuelle et studios
• Services de prise de vues, de son et d’éclairage
• Équipes de montage et de post
— production. —
• Médias et plateformes numériques —
• Chaînes de télévision, radios et médias en ligne
• Structures de production de contenus pour les réseaux sociaux
• Services de diffusion en direct et de streaming
— Communication et événementiel —
• Services de communication audiovisuelle des entreprises et institutions
• Structures de captation et de sonorisation d’événements
• Agences de contenus et de publicité
— Technique, formation et entrepreneuriat —
• Services de maintenance et d’exploitation des équipements
• Centres de formation aux métiers du numérique et de l’audiovisuel
• Création de studios et de structures de production",https://parcoursupguinee.org/offre-de-formation-en-dut-et-cycle-preparatoire
DUT-007,DUT & Cycle préparatoire,7,DUT en Hydraulique et Gestion des Ressources en Eau,DUT,UZ,1,SE + SE-FA + SM,12,"1. Réaliser la pose et entretien les réseaux d’eau
2. Installer les pompes et les équipements
3. Mesurer les débits et les pressions
4. Conduire l’analyse simple de la qualité de l’eau
5. Dimensionner un réseau d’adduction et de distribution d’eau
6. Réaliser les essais de pompage et interpréter les résultats
7. Assurer la maintenance des forages, des pompes et des groupes électrogènes
8. Détecter et réparer les fuites sur les réseaux d’eau
9. Appliquer les règles d’hygiène et de sécurité liées à l’eau potable
10. Tenir les registres d’exploitation et les fiches de suivi des ouvrages
11. Former les comités de gestion villageois à l’entretien des points d’eau
12. Rédiger les comptes rendus d’intervention et de mise en service","1. Technicien hydraulicien
2. Installateur-mainteneur de réseaux d’eau
3. Agent d’exploitation de forages et de pompes
4. Technicien de suivi de la qualité de l’eau
5. Agent technique en projets d’hydraulique villageoise","— Réseaux d’eau et équipements —
• Entreprises de pose et d’entretien des réseaux d’eau
• Services techniques des sociétés de distribution d’eau
• Entreprises d’installation de pompes et de forages
— Collectivités et projets d’hydraulique —
• Services techniques des collectivités locales
• Projets d’adduction d’eau et d’assainissement en milieu rural
• Projets d’hydraulique villageoise et de points d’eau
— Mesures, contrôle et laboratoires —
• Services de mesure des débits, des pressions et des niveaux
• Laboratoires d’analyse simple de la qualité de l’eau
• Services de suivi des ouvrages hydrauliques
— Organisations non gouvernementales et entrepreneuriat —
• Organisations non gouvernementales du secteur eau, hygiène et assainissement
• Entreprises de sous-traitance en travaux hydrauliques
• Création d’entreprises de forage et de maintenance",https://parcoursupguinee.org/offre-de-formation-en-dut-et-cycle-preparatoire
DUT-008,DUT & Cycle préparatoire,8,DUT en Géomatique,DUT,UZ,1,SS + SS-FA,12,"1. Réaliser les levés topographiques de terrain
2. Réaliser le positionnement par satellite
3. Traiter les données de levé
4. Concevoir des bases de données spatiales
5. Conduire la production cartographique
6. Traiter les images satellitaires
7. Conduire l’analyse spatiale
8. Réaliser la modélisation numérique du terrain
9. Calculer des surfaces et des volumes
10. Réaliser la cartographie thématique
11. Diffuser les données géographiques en ligne
12. Rédiger des rapports cartographiques","1. Technicien géomaticien
2. Opérateur SIG et télédétection
3. Technicien topographe
4. Agent de cartographie numérique
5. Assistant en levés et cadastre","— Topographie et cadastre —
• Services de topographie, du cadastre et de la cartographie
• Cabinets de géomètres et bureaux d’études
• Entreprises de levés et d’implantation d’ouvrages
— Mines, travaux publics et énergie —
• Services topographiques des sociétés minières
• Entreprises de travaux publics et de construction
• Projets de réseaux et d’infrastructures
— Information géographique et environnement —
• Structures de gestion des données géographiques
• Projets de cartographie et de télédétection
• Services d’aménagement et de suivi environnemental
— Collectivités, formation et entrepreneuriat —
• Services techniques des collectivités locales
• Centres de formation technique
• Création de cabinets de levés topographiques",https://parcoursupguinee.org/offre-de-formation-en-dut-et-cycle-preparatoire
DUT-009,DUT & Cycle préparatoire,9,DUT en Échantillonnage et Contrôle Qualité des Minerais,DUT,ISMG Boké,1,SE + SE-FA + SM,12,"1. Mettre en œuvre les techniques d’échantillonnage sur site
2. Préparer les échantillons
3. Mettre en œuvre la réduction et la division des échantillons
4. Conduire l’analyse granulométrique
5. Élaborer un plan d’échantillonnage statistiquement représentatif
6. Appliquer les protocoles normalisés de prélèvement et de préparation
7. Assurer la traçabilité et la chaîne de conservation des échantillons
8. Mettre en œuvre le contrôla qualité analytique (duplicats, standards, blancs)
9. Exploiter les bases de données d’échantillons et de résultats d’analyse
10. Assurer la maintenance et l’étalonnage des équipements de préparation
11. Appliquer les règles d’hygiène et de sécurité en laboratoire
12. Rédiger les fiches d’échantillonnage et les rapports de contrôla qualité","1. Technicien échantillonneur de minerais
2. Agent de contrôle qualité en laboratoire minier
3. Préparateur d’échantillons
4. Technicien en analyse granulométrique
5. Agent de traçabilité des échantillons","— Échantillonnage et laboratoires miniers —
• Services d’échantillonnage sur sites miniers
• Laboratoires de préparation et d’analyse des minerais
• Services de contrôle granulométrique
— Contrôle qualité et production —
• Services de contrôle qualité des usines de traitement
• Services de suivi de la teneur et de la production
• Services d’inspection avant expédition
— Carrières et matériaux —
• Exploitations de carrières et unités de granulats
• Laboratoires de contrôle des matériaux de construction
• Entreprises de travaux publics, en essais de matériaux
— Sous —
• traitance, formation et entrepreneuriat
— 1. Entreprises de sous —
• traitance en services de laboratoire
• Centres de formation technique
• Création de services d’échantillonnage et de contrôle",https://parcoursupguinee.org/offre-de-formation-en-dut-et-cycle-preparatoire
DUT-010,DUT & Cycle préparatoire,10,DUT en Simulation et Optimisation des Procédés Métallurgiques,DUT,ISMG Boké,1,SE + SE-FA + SM,12,"1. Expliquer la compréhension des procédés métallurgiques
2. Établir les bilans de matière et d’énergie
3. Utiliser les logiciels de simulation
4. Mettre en œuvre le paramétrage des modèles de procédés
5. Établir les bilans matière et énergie des circuits métallurgiques
6. Construire et calibrer un modèle de simulation de procédé
7. Analyser la sensibilité des paramètres opératoires et optimiser les réglages
8. Exploiter les données de production pour la réconciliation métallurgique
9. Évaluer les gains technico-économiques des scénarios d’optimisation
10. Assurer le suivi des indicateurs de performance de l’usine
11. Appliquer les règles d’hygiène, de sécurité et de protection de l’environnement
12. Rédiger les rapports de simulation et les recommandations d’exploitation","1. Technicien en simulation de procédés métallurgiques
2. Assistant en optimisation de procédés
3. Technicien en modélisation de circuits de traitement
4. Agent de suivi des performances d’usine
5. Assistant ingénieur procédés","— Procédés métallurgiques —
• Usines de traitement des minerais et de métallurgie
• Services de conduite et d’optimisation des procédés
• Services de bilans matière et d’énergie
— Simulation et modélisation —
• Services de simulation et de modélisation des procédés
• Bureaux d’études et sociétés d’ingénierie
• Services d’amélioration des rendements et de la performance
— Laboratoires et contrôle —
• Laboratoires d’essais métallurgiques
• Services de contrôle qualité et de suivi de production
• Services d’instrumentation et de mesure des procédés
— Maintenance, formation et entrepreneuriat —
• Services de maintenance des installations de traitement
• Centres de formation technique
• Services de conseil technique aux unités de production",https://parcoursupguinee.org/offre-de-formation-en-dut-et-cycle-preparatoire
DUT-011,DUT & Cycle préparatoire,11,"DUT en Dimensionnement, Installation et Maintenance de Système Photovoltaïque",DUT,IST Mamou,1,SE + SE-FA + SM,12,"1. Évaluer les besoins énergétiques
2. Dimensionner les champs solaires
3. Choisir les panneaux et les onduleurs
4. Assurer la maintenance des installations et des batteries
5. Réaliser l’étude de site et l’analyse du gisement solaire
6. Concevoir le schéma électrique et le plan d’implantation d’une installation solaire
7. Assurer la mise en service, les tests et la réception d’une installation photovoltaïque
8. Diagnostiquer les défauts de production et les pertes de rendement
9. Appliquer les normes électriques et les règles de sécurité liées au photovoltaïque
10. Estimer les coûts et évaluer la rentabilité d’une installation solaire
11. Former les utilisateurs à l’exploitation et à l’entretien courant
12. Rédiger les dossiers techniques et les rapports de maintenance","1. Technicien photovoltaïque
2. Installateur-mainteneur de systèmes solaires
3. Chargé de dimensionnement d’installations solaires
4. Technicien de maintenance de parcs solaires et de batteries
5. Agent technique en électrification rurale","— Installation photovoltaïque —
• Entreprises d’installation de systèmes solaires photovoltaïques
• Services de dimensionnement et d’étude des besoins énergétiques
• Entreprises de fourniture d’équipements solaires
— Maintenance et stockage d’énergie —
• Services de maintenance et de dépannage des installations solaires
• Services de gestion des batteries et du stockage
• Services de mesure et de suivi des performances
— Électrification et collectivités —
• Projets d’électrification rurale et de mini-réseaux solaires
• Services techniques des collectivités locales
• Projets d’équipement solaire des structures de santé et d’éducation
— Projets, formation et entrepreneuriat —
• Projets énergétiques des partenaires au développement
• Centres de formation technique et professionnelle
• Création d’entreprises d’installation solaire",https://parcoursupguinee.org/offre-de-formation-en-dut-et-cycle-preparatoire
DUT-012,DUT & Cycle préparatoire,12,DUT en Technologie Alimentaire,DUT,ESTH,1,SE + SE-FA,12,"1. Conduire les équipements de transformation
2. Préparer les matières premières
3. Mettre en œuvre les procédés de cuisson et le séchage
4. Mettre en œuvre les techniques de conservation
5. Appliquer les procédés de conservation par le froid, la chaleur et les additifs
6. Mettre en œuvre un système HACCP sur une ligne de production
7. Assurer le contrôla qualité physico-chimique et microbiologique des produits
8. Formuler et développer un nouveau produit alimentaire
9. Assurer le conditionnement, l’étiquetage et la traçabilité des lots
10. Appliquer la réglementation sanitaire et les normes agroalimentaires
11. Assurer la maintenance de premier niveau des équipements de transformation
12. Rédiger les fiches techniques et les rapports de production","1. Technicien en technologie alimentaire
2. Conducteur de ligne de transformation
3. Agent de contrôle qualité en production
4. Technicien de conservation et de conditionnement
5. Agent de production agroalimentaire","— Transformation alimentaire —
• Unités de transformation des produits agricoles
• Lignes de production, de cuisson et de séchage
• Ateliers de conditionnement et d’emballage
— Qualité et hygiène —
• Services d’hygiène et de contrôle qualité des unités de production
• Laboratoires d’analyses alimentaires de base
• Services de traçabilité et de conservation
— Commercialisation et logistique —
• Réseaux de distribution et marchés
• Services de stockage et de gestion de la chaîne du froid
• Coopératives et groupements de transformateurs
— Projets, formation et entrepreneuriat —
• Projets d’appui à la transformation agroalimentaire
• Centres de formation technique et professionnelle
• Création d’unités artisanales de transformation",https://parcoursupguinee.org/offre-de-formation-en-dut-et-cycle-preparatoire
DUT-013,DUT & Cycle préparatoire,13,DUT en Aménagement Paysager,DUT,ISAV Faranah,1,SE + SE-FA + SM,12,"1. Assurer la conception et plans d’aménagement paysager
2. Choisir les végétaux et plantations
3. Mettre en œuvre les techniques d’entretien des espaces verts
4. Installer les systèmes d’arrosage
5. Réaliser les relevés et les esquisses d’un projet d’aménagement paysager
6. Établir les métrés, les devis et le planning des travaux paysagers
7. Conduire les travaux de terrassement, de plantation et d’engazonnement
8. Mettre en œuvre la protection phytosanitaire raisonnée des végétaux
9. Réaliser les aménagements minéraux et le petit ouvrage paysager
10. Encadrer une équipe de travaux d’espaces verts
11. Appliquer les règles de sécurité et de protection de l’environnement sur chantier
12. Rédiger les dossiers de plantation et les rapports de chantier","1. Technicien paysagiste
2. Concepteur d’aménagements paysagers
3. Chargé d’entretien des espaces verts
4. Chef d’équipe en travaux paysagers
5. Technicien en systèmes d’arrosage","— Aménagement paysager —
• Entreprises d’aménagement et d’entretien des espaces verts
• Services des espaces verts des collectivités locales
• Projets d’aménagement des parcs et jardins publics
— Pépinières et production végétale —
• Pépinières et unités de production de plants ornementaux
• Services de plantation et de suivi des végétaux
• Entreprises de distribution de végétaux et d’intrants
— Hôtellerie, immobilier et institutions —
• Hôtels, résidences et complexes touristiques
• Sociétés de promotion immobilière et copropriétés
• Espaces verts des établissements publics et des entreprises
— Irrigation, formation et entrepreneuriat —
• Entreprises d’installation des systèmes d’arrosage
• Centres de formation technique et professionnelle
• Création d’entreprises d’aménagement paysager",https://parcoursupguinee.org/offre-de-formation-en-dut-et-cycle-preparatoire
DUT-014,DUT & Cycle préparatoire,14,DUT en Technologies Agro-industrielles,DUT,ISAV Faranah,1,SE + SE-FA + SM,12,"1. Conduire les équipements de transformation
2. Mettre en œuvre les procédés de séchage, de mouture et d’extraction
3. Assurer le conditionnement et l’emballage des produits
4. Mettre en œuvre le contrôla qualité et hygiène en production
5. Appliquer les procédés de conservation et de stabilisation des produits agro-industriels
6. Mettre en œuvre un système HACCP sur une ligne de production
7. Assurer le contrôla qualité physico-chimique et microbiologique des produits
8. Optimiser les rendements de transformation et limiter les pertes
9. Appliquer la réglementation sanitaire et les normes agro-industrielles
10. Assurer la maintenance de premier niveau des équipements de transformation
11. Organiser le travail d’une équipe de production et planifier les fabrications
12. Rédiger les fiches techniques et les rapports de production","1. Technicien agro-industriel
2. Conducteur de ligne de transformation
3. Agent de contrôle qualité en agro-industrie
4. Technicien de séchage, mouture et extraction
5. Agent de conditionnement et d’emballage","— Transformation agro —
• industrielle —
• Unités de transformation des produits agricoles
• Lignes de séchage, de mouture, d’extraction et de conditionnement
• Ateliers de production semi
— industrielle. —
• Qualité et hygiène de production —
• Services de contrôle qualité et d’hygiène des unités de production
• Laboratoires d’analyses alimentaires de base
• Services de traçabilité et de conservation des produits
— Commercialisation et logistique —
• Réseaux de distribution et marchés
• Services de stockage et de gestion des flux
• Coopératives et groupements de transformateurs
— Projets, formation et entrepreneuriat —
• Projets d’appui à l’entrepreneuriat agro-industriel
• Centres de formation technique et professionnelle
• Création d’unités de transformation agroalimentaire",https://parcoursupguinee.org/offre-de-formation-en-dut-et-cycle-preparatoire
DUT-015,DUT & Cycle préparatoire,15,"Cycle préparatoire Mathématiques, Physique et Sciences de l’Ingénieur",Cycle préparatoire,CPGE,1,SE + SE-FA + SM,12,"1. Mobiliser les mathématiques approfondies
2. Mobiliser la physique générale approfondie
3. Mobiliser les sciences de l’ingénieur
4. Appliquer les méthodes de résolution de problèmes
5. Mobiliser l’analyse, l’algèbre linéaire et les probabilités au niveau du cycle préparatoire
6. Mobiliser la mécanique, l’électromagnétisme et la thermodynamique
7. Conduire un raisonnement démonstratif rigoureux et rédiger une démonstration
8. Mettre en œuvre les outils de calcul numérique et de programmation scientifique
9. Réaliser et exploiter des travaux pratiques expérimentaux
10. Analyser un système technique pluritechnologique (sciences de l’ingénieur)
11. Communiquer à l’écrit et à l’oral dans un contexte d’épreuve scientifique
12. Organiser son travail personnel et gérer le temps dans un cadre exigeant","1. Poursuite d’études : écoles et instituts d’ingénieurs (sur concours)
2. Poursuite d’études : licences et masters scientifiques
3. Répétiteur / tuteur en sciences (à titre transitoire)
4. Assistant technique en bureau d’études (à titre transitoire)
5. Assistant de laboratoire pédagogique (à titre transitoire)","— Poursuite d’études en ingénierie —
• Écoles et instituts d’ingénieurs, après concours
• Licences et masters en mathématiques, physique et sciences de l’ingénieur
• Filières scientifiques sélectives nationales et internationales
— Bureaux d’études et industrie —
• Bureaux d’études techniques, en appui au calcul et au dessin
• Services techniques et de méthodes des unités industrielles
• Services de contrôle qualité
— Énergie, mines et bâtiment —
• Services techniques des sociétés d’énergie et des mines
• Entreprises de construction et de travaux publics
• Services de maintenance des équipements techniques
— Enseignement et encadrement scolaire —
• Établissements d’enseignement secondaire, notamment après formation pédagogique
• Centres de soutien et de préparation aux concours
• Laboratoires pédagogiques et plateformes de travaux pratiques",https://parcoursupguinee.org/offre-de-formation-en-dut-et-cycle-preparatoire
DUT-016,DUT & Cycle préparatoire,16,"Cycle préparatoire Économie, Gestion et Statistiques",Cycle préparatoire,CPGE,1,SE + SM,12,"1. Conduire l’analyse économique générale
2. Mobiliser les mathématiques appliquées à l’économie
3. Mobiliser les statistiques et probabilités
4. Tenir la comptabilité et la gestion
5. Mobiliser l’analyse économique micro et macroéconomique du cycle préparatoire
6. Mobiliser les mathématiques et les probabilités appliquées à l’économie
7. Mettre en œuvre les méthodes statistiques descriptives et inférentielles
8. Tenir et interpréter la comptabilité générale et analytique
9. Analyser et synthétiser un dossier documentaire économique et social
10. Exploiter les outils bureautiques et logiciels de traitement de données
11. Communiquer à l’écrit et à l’oral dans un contexte d’épreuve et d’entretien
12. Organiser son travail personnel et gérer le temps dans un cadre exigeant","1. Poursuite d’études : écoles de commerce et de management (sur concours)
2. Poursuite d’études : écoles de statistique et d’économie appliquée
3. Poursuite d’études : licences et masters en économie, gestion et finance
4. Assistant administratif et comptable (à titre transitoire)
5. Répétiteur / tuteur en économie et mathématiques (à titre transitoire)","— Poursuite d’études en gestion et statistique —
• Écoles de commerce et de management, après concours
• Écoles de statistique et d’économie appliquée
• Licences et masters en économie, gestion et finance
— Banque, assurance et finance —
• Banques, assurances et établissements de microfinance
• Services de gestion, de trésorerie et d’analyse financière
• Cabinets d’audit et d’expertise comptable
— Statistique, études et administration —
• Instituts de statistique et services d’études économiques
• Services de planification et de suivi-évaluation
• Administrations économiques et financières
— Entreprises, enseignement et entrepreneuriat —
• Services commerciaux, marketing et administratifs des entreprises
• Établissements d’enseignement, en économie et gestion
• Création et gestion d’entreprises",https://parcoursupguinee.org/offre-de-formation-en-dut-et-cycle-preparatoire
ING-001,Diplôme d'État & Ingénierie,1,Génie Chimique,Diplôme d’ingénieur,UGANC,1,SE + SE-FA + SM,12,"1. Mettre en œuvre les procédés de transformation
2. Établir les bilans de matière et d’énergie
3. Dimensionner les réacteurs
4. Conduire la distillation et la séparation des mélanges
5. Conduire les unités de production
6. Mettre en œuvre le contrôla qualité des produits fabriqués
7. Assurer la régulation et l’automatisation des procédés
8. Assurer la sécurité des installations chimiques
9. Traiter les effluents industriels
10. Assurer la maintenance des équipements de procédé
11. Optimiser les rendements de production
12. Rédiger des dossiers techniques","1. Assistant ingénieur en génie chimique
2. Chargé de conduite d’unités de procédés
3. Technicien supérieur qualité et environnement industriel
4. Chargé d’études procédés
5. Responsable production adjoint","— Industries chimiques et de procédés —
• Unités de production chimique et parachimique
• Raffineries et unités de traitement des hydrocarbures
• Bureaux d’études et sociétés d’ingénierie des procédés
— Mines et métallurgie —
• Usines de traitement des minerais et d’hydrométallurgie
• Services de procédés et d’optimisation des rendements
• Laboratoires industriels de contrôle
— Agroalimentaire et pharmacie —
• Industries agroalimentaires
• Laboratoires et unités de production pharmaceutique
• Services qualité et sécurité des procédés
— Environnement, recherche et enseignement —
• Unités de traitement des effluents industriels
• Laboratoires et centres de recherche en génie des procédés
• Universités et institutions d’enseignement supérieur, notamment après poursuite d’études",https://parcoursupguinee.org/offre-de-formation-en-diplome-detat-et-ingenierie
ING-002,Diplôme d'État & Ingénierie,2,Génie Civil,Diplôme d’ingénieur,UGANC,1,SE + SE-FA + SM,12,"1. Lire et établir les plans techniques
2. Réaliser le dessin assisté par ordinateur
3. Calculer la résistance le matériaux
4. Dimensionner le béton armé
5. Analyser les sols et fondations
6. Mettre en œuvre la topographie et l’implantation des ouvrages
7. Concevoir les routes et voiries
8. Concevoir les ouvrages hydrauliques et l’assainissement
9. Réaliser le métré et l’estimation des coûts
10. Assurer la planification et conduite de chantier
11. Mettre en œuvre le contrôla qualité le matériaux
12. Assurer la sécurité sur les chantiers","1. Assistant ingénieur génie civil
2. Conducteur de travaux
3. Projeteur en bureau d’études structures
4. Chargé de contrôle qualité des ouvrages
5. Chef de chantier","— Bâtiment et travaux publics —
• Entreprises de construction de bâtiments et d’ouvrages d’art
• Entreprises de travaux routiers et d’aménagements urbains
• Chantiers d’infrastructures hydrauliques et d’assainissement
— Bureaux d’études et contrôle technique —
• Bureaux d’études de structures et de dessin technique
• Laboratoires de géotechnique et d’essais des matériaux
• Services de contrôle et de surveillance des travaux
— Administration et collectivités —
• Services publics chargés des infrastructures, de l’habitat et de l’urbanisme
• Services techniques des collectivités locales
• Projets d’infrastructures financés par les partenaires au développement
— Mines, immobilier et entrepreneuriat —
• Services d’infrastructures des sociétés minières
• Sociétés de promotion immobilière
• Création d’entreprises de construction et de sous-traitance",https://parcoursupguinee.org/offre-de-formation-en-diplome-detat-et-ingenierie
ING-003,Diplôme d'État & Ingénierie,3,Génie Électrique,Diplôme d’ingénieur,UGANC,1,SE + SE-FA + SM,12,"1. Dimensionner les installations électriques
2. Exploiter les réseaux de distribution
3. Conduire les machines électriques et transformateurs
4. Exploiter les automatismes et commande industrielle
5. Mettre en œuvre l’électronique de puissance
6. Assurer la protection et sélectivité les réseaux
7. Réaliser l’installation et le câblage industriel
8. Diagnostiquer les défauts électriques
9. Assurer la maintenance des équipements électriques
10. Améliorer l’efficacité et audit énergétiques
11. Assurer l’intégration des énergies renouvelables
12. Encadrer les travaux électriques","1. Assistant ingénieur électricien
2. Chargé d’études électriques
3. Technicien supérieur réseaux électriques
4. Chargé d’exploitation et de maintenance électrique
5. Chargé d’installation d’énergies renouvelables","— Énergie et réseaux électriques —
• Sociétés de production, de transport et de distribution d’électricité
• Entreprises d’installation et de raccordement des réseaux
• Projets d’électrification urbaine et rurale
— Industrie et automatisation —
• Unités industrielles et lignes de production automatisées
• Services de maintenance électrique et d’automatismes
• Ateliers de montage d’armoires et de tableaux électriques
— Mines et grands travaux —
• Services électriques des sociétés minières
• Entreprises de travaux électriques et de sous-traitance
• Bureaux d’études électriques
— Énergies renouvelables et enseignement —
• Entreprises d’installation solaire et de stockage d’énergie
• Services d’audit et d’efficacité énergétique
• Établissements d’enseignement technique et supérieur",https://parcoursupguinee.org/offre-de-formation-en-diplome-detat-et-ingenierie
ING-004,Diplôme d'État & Ingénierie,4,Génie Industriel et Maintenance,Diplôme d’ingénieur,UGANC,1,SE + SE-FA + SM,12,"1. Organiser la maintenance préventive
2. Établir le diagnostic et la maintenance corrective
3. Assurer la gestion informatisée de la maintenance
4. Gérer les pièces de rechange
5. Planifier la production
6. Gérer les flux et les stocks
7. Conduire l’amélioration continue des procédés
8. Analyser les pannes et fiabilité
9. Mettre en œuvre le contrôla qualité en production
10. Assurer la sécurité et la prévention des risques
11. Gérer les équipes techniques
12. Analyser les coûts de maintenance","1. Assistant ingénieur maintenance
2. Responsable méthodes et maintenance
3. Chargé d’amélioration continue
4. Coordonnateur de production
5. Chargé de fiabilisation des équipements","— Maintenance et production industrielle —
• Services de maintenance des unités de production
• Services méthodes, planification et fiabilité des équipements
• Ateliers mécaniques, électriques et hydrauliques
— Mines et énergie —
• Services techniques des sociétés minières
• Centrales électriques et unités de production d’énergie
• Unités de traitement de l’eau et installations techniques
— Agroalimentaire et manufacture —
• Industries agroalimentaires et unités de conditionnement
• Industries manufacturières et textiles
• Services de gestion des stocks techniques et des pièces de rechange
— Ingénierie, qualité et entrepreneuriat —
• Sociétés d’ingénierie et de conseil industriel
• Services qualité, hygiène et sécurité
• Création d’entreprises de maintenance industrielle",https://parcoursupguinee.org/offre-de-formation-en-diplome-detat-et-ingenierie
ING-005,Diplôme d'État & Ingénierie,5,Génie Informatique,Diplôme d’ingénieur,UGANC ; IST Mamou,2,SE + SE-FA + SM,12,"1. Mettre en œuvre la programmation avancée
2. Concevoir l’architecture des ordinateurs
3. Concevoir des bases de données
4. Administrer les réseaux
5. Développer des applications d’entreprise
6. Exploiter les systèmes embarqués et interfaces matérielles
7. Assurer la sécurité des systèmes d’information
8. Conduire l’analyse et la conception des systèmes
9. Gérer des projets informatiques
10. Mettre en œuvre la virtualisation et informatique en nuage
11. Réaliser les tests et la validation des systèmes
12. Rédiger des spécifications techniques","1. Assistant ingénieur informatique
2. Développeur full-stack
3. Administrateur systèmes et réseaux
4. Chef de projet informatique junior
5. Analyste-programmeur","— Développement et systèmes d’information —
• Entreprises de développement logiciel et d’intégration
• Services informatiques des entreprises et des administrations
• Sociétés de conseil et d’ingénierie informatique
— Réseaux, serveurs et cybersécurité —
• Services d’administration des réseaux et des serveurs
• Centres de données et services d’informatique en nuage
• Services de sécurité des systèmes d’information
— Banque, télécoms et industrie —
• Banques, assurances et établissements de microfinance
• Opérateurs de télécommunications
• Services informatiques industriels et systèmes embarqués
— Recherche, enseignement et entrepreneuriat —
• Laboratoires de recherche en informatique
• Universités et institutions d’enseignement supérieur, notamment après poursuite d’études
• Création d’entreprises du numérique",https://parcoursupguinee.org/offre-de-formation-en-diplome-detat-et-ingenierie
ING-006,Diplôme d'État & Ingénierie,6,Génie Mécanique,Diplôme d’ingénieur,UGANC,1,SE + SE-FA + SM,12,"1. Réaliser le dessin technique et la conception assistée par ordinateur
2. Réaliser le calcul et la résistance des pièces mécaniques
3. Justifier le choix et étude le matériaux
4. Mettre en œuvre les procédés d’usinage
5. Réaliser la soudure et l’assemblage
6. Mobiliser la mécanique des fluides et hydraulique
7. Assurer la transmission de puissance
8. Mettre en œuvre la métrologie et contrôle dimensionnel
9. Diagnostiquer les pannes mécaniques
10. Assurer la maintenance mécanique des équipements
11. Conduire la fabrication et suivi d’atelier
12. Assurer la sécurité des machines et des ateliers","1. Assistant ingénieur en génie mécanique
2. Projeteur en conception mécanique
3. Chargé de méthodes et de fabrication
4. Technicien supérieur en maintenance mécanique
5. Chargé de contrôle dimensionnel","— Industrie et fabrication mécanique —
• Ateliers d’usinage, de chaudronnerie et de soudure
• Unités de production et de fabrication métallique
• Bureaux d’études et de conception mécanique
— Mines, énergie et transport —
• Services mécaniques et de maintenance des sociétés minières
• Centrales énergétiques et installations thermiques
• Garages, flottes de véhicules et engins lourds
— Maintenance et contrôle —
• Services de maintenance mécanique industrielle
• Services de métrologie et de contrôle dimensionnel
• Services qualité et sécurité des ateliers
— Enseignement et entrepreneuriat —
• Établissements d’enseignement technique et supérieur
• Centres de formation professionnelle
• Création d’ateliers et d’entreprises de mécanique",https://parcoursupguinee.org/offre-de-formation-en-diplome-detat-et-ingenierie
ING-007,Diplôme d'État & Ingénierie,7,Génie des Télécommunications,Diplôme d’ingénieur,UGANC,1,SE + SE-FA + SM,12,"1. Exploiter les systèmes de transmission
2. Analyser la propagation des ondes radioélectriques
3. Conduire le déploiement les réseaux mobiles
4. Installer la fibre optique
5. Configurer les équipements de transmission
6. Réaliser le dimensionnement et la planification les réseaux
7. Réaliser les mesures et tests sur les liaisons
8. Superviser les réseaux
9. Assurer la maintenance des équipements de télécommunications
10. Assurer la sécurité les réseaux de transmission
11. Gérer les liaisons satellitaires
12. Rédiger des rapports d’intervention","1. Assistant ingénieur télécoms
2. Chargé de déploiement de réseaux
3. Ingénieur d’exploitation réseau junior
4. Chargé d’études transmission
5. Technicien supérieur en réseaux mobiles","— Opérateurs et réseaux de télécommunications —
• Opérateurs de téléphonie et fournisseurs d’accès à internet
• Entreprises de déploiement de la fibre optique et des réseaux mobiles
• Services de planification et d’optimisation des réseaux
— Supervision et maintenance technique —
• Centres de supervision et de gestion des réseaux
• Services de maintenance des équipements de transmission
• Entreprises de sous
— traitance et d’installation de sites radio. —
• Médias, transports et industries —
• Stations de radiodiffusion et de télévision
• Services de radiocommunication des transports et de l’aviation
• Services de communication des sociétés minières et industrielles
— Administration, régulation et entrepreneuriat —
• Services publics chargés des télécommunications et du numérique
• Structures de régulation des communications électroniques
• Création d’entreprises de services télécoms",https://parcoursupguinee.org/offre-de-formation-en-diplome-detat-et-ingenierie
ING-008,Diplôme d'État & Ingénierie,8,Diplôme d’État de Docteur en Médecine,Diplôme d’État,UGANC,1,SE + SE-FA + SM,12,"1. Réaliser l’examen clinique et interrogatoire du patient
2. Diagnostiquer les maladies courantes
3. Établir la prescription et suivi des traitements
4. Exécuter les gestes techniques et petite chirurgie
5. Réaliser la prise en charge des urgences vitales
6. Assurer le suivi de la grossesse et l’accouchement
7. Dispenser les soins de l’enfant et la vaccination
8. Interpréter les examens biologiques
9. Interpréter les examens d’imagerie
10. Assurer la prévention et l’éducation à la santé
11. Respecter l’éthique et la relation avec le patient
12. Gérer une structure de soins","1. Médecin généraliste
2. Médecin de santé publique
3. Médecin de district / de centre de santé
4. Praticien hospitalier (après spécialisation)
5. Médecin d’entreprise ou de santé au travail","— Structures publiques de santé —
• Hôpitaux nationaux, régionaux et préfectoraux
• Centres de santé et postes de santé
• Services d’urgence et de maternité
— Secteur privé de la santé —
• Cliniques et polycliniques privées
• Cabinets médicaux et centres de consultation
• Services médicaux des entreprises minières et industrielles
— Santé publique et humanitaire —
• Programmes nationaux de lutte contre les maladies
• Organisations humanitaires et organisations non gouvernementales de santé
• Structures de surveillance épidémiologique et de vaccination
— Spécialisation, recherche et enseignement —
• Formations spécialisées après le diplôme d’État
• Laboratoires et centres de recherche clinique
• Universités et écoles de santé, notamment après poursuite d’études",https://parcoursupguinee.org/offre-de-formation-en-diplome-detat-et-ingenierie
ING-009,Diplôme d'État & Ingénierie,9,Diplôme d’État de Docteur en Pharmacie,Diplôme d’État,UGANC,1,SE + SE-FA + SM,12,"1. Mobiliser la connaissance des médicaments et leurs effets
2. Préparer les formes pharmaceutiques
3. Assurer la dispensation et conseil au patient
4. Mettre en œuvre le contrôla qualité des médicaments
5. Gérer les stocks pharmaceutiques
6. Surveiller les effets indésirables
7. Réaliser les analyses biologiques médicales
8. Conduire la production industrielle du médicament
9. Appliquer la réglementation pharmaceutique
10. Conduire le lutte contre les médicaments falsifiés
11. Gérer l’une officine
12. Assurer l’éducation thérapeutique du patient","1. Pharmacien d’officine
2. Pharmacien hospitalier
3. Pharmacien biologiste (après spécialisation)
4. Pharmacien d’industrie et de contrôle qualité
5. Pharmacien inspecteur ou responsable réglementaire","— Officines et distribution pharmaceutique —
• Pharmacies d’officine
• Grossistes-répartiteurs et centrales d’achat de médicaments
• Services d’approvisionnement et de gestion des stocks pharmaceutiques
— Structures hospitalières et laboratoires —
• Pharmacies hospitalières
• Laboratoires d’analyses de biologie médicale
• Services de préparation et de contrôle des produits de santé
— Industrie et contrôle qualité —
• Unités de production pharmaceutique et cosmétique
• Services d’assurance et de contrôle qualité
• Services de pharmacovigilance
— Administration, réglementation et enseignement —
• Services publics chargés de la pharmacie et du médicament
• Structures de lutte contre les médicaments falsifiés
• Universités et centres de recherche, notamment après poursuite d’études",https://parcoursupguinee.org/offre-de-formation-en-diplome-detat-et-ingenierie
ING-010,Diplôme d'État & Ingénierie,10,Diplôme d’État de Docteur en Odontologie,Diplôme d’État,UGANC,1,SE + SE-FA + SM,12,"1. Réaliser l’examen et diagnostic bucco-dentaire
2. Réaliser la radiographie dentaire
3. Dispenser les soins des caries et restaurations
4. Traiter les maladies des gencives
5. Réaliser les extractions dentaires
6. Pratiquer la chirurgie buccale simple
7. Réaliser les prothèses dentaires fixes et amovibles
8. Traiter les malpositions dentaires
9. Réaliser la prise en charge de la douleur dentaire
10. Assurer la prévention et hygiène bucco-dentaire
11. Assurer la stérilisation et hygiène du cabinet
12. Gérer l’un cabinet dentaire","1. Chirurgien-dentiste
2. Praticien en odontologie hospitalière
3. Odontologiste de santé publique
4. Praticien libéral en cabinet dentaire
5. Enseignant clinicien (après spécialisation)","— Structures de soins dentaires —
• Services d’odontologie des hôpitaux
• Cabinets et cliniques dentaires privés
• Centres de santé disposant d’unités dentaires
— Activité libérale et prothèse —
• Création et gestion de cabinets dentaires
• Laboratoires de prothèse dentaire
• Services d’imagerie dentaire
— Santé publique et prévention —
• Programmes de santé bucco-dentaire scolaire et communautaire
• Campagnes de prévention et de dépistage
• Services médicaux des entreprises et des collectivités
— Spécialisation, recherche et enseignement —
• Formations spécialisées (orthodontie, chirurgie buccale)
• Universités et écoles de santé, notamment après poursuite d’études
• Projets de recherche en santé bucco-dentaire",https://parcoursupguinee.org/offre-de-formation-en-diplome-detat-et-ingenierie
ING-011,Diplôme d'État & Ingénierie,11,Diplôme d’État de Docteur en Médecine Vétérinaire,Diplôme d’État,ISSMV,1,SE + SE-FA,12,"1. Réaliser l’examen clinique l’animaux
2. Diagnostiquer les maladies animales
3. Établir la prescription des traitements vétérinaires
4. Pratiquer la chirurgie vétérinaire
5. Assurer la vaccination et la prophylaxie le troupeaux
6. Assurer le suivi de la reproduction animale
7. Assurer l’alimentation et la zootechnie
8. Mettre en œuvre l’inspection sanitaire des viandes
9. Assurer le contrôle sanitaire des denrées animales
10. Conduire le lutte contre les maladies transmissibles à l’homme
11. Assurer le conseil aux éleveurs
12. Gérer l’une clinique vétérinaire","1. Vétérinaire praticien
2. Vétérinaire inspecteur de santé publique
3. Vétérinaire d’élevage et de production animale
4. Responsable d’hygiène des denrées animales
5. Chargé d’épidémiosurveillance animale","— Santé et production animales —
• Cliniques et cabinets vétérinaires
• Services vétérinaires publics et postes d’inspection
• Élevages, fermes et unités de production animale
— Sécurité sanitaire des aliments —
• Abattoirs et services d’inspection des viandes
• Laboratoires de contrôle des denrées d’origine animale
• Services d’hygiène et de sécurité sanitaire
— Santé publique vétérinaire et programmes —
• Programmes de lutte contre les zoonoses et les épizooties
• Campagnes de vaccination du cheptel
• Organisations internationales et projets d’élevage
— Entrepreneuriat, recherche et enseignement —
• Création de cliniques vétérinaires et de pharmacies vétérinaires
• Laboratoires et centres de recherche vétérinaire
• Universités et écoles vétérinaires, notamment après poursuite d’études",https://parcoursupguinee.org/offre-de-formation-en-diplome-detat-et-ingenierie
ING-012,Diplôme d'État & Ingénierie,12,Génie en Technologie et Contrôle des Produits Alimentaires,Diplôme d’ingénieur,ISSMV,1,SE + SE-FA + SM,12,"1. Mettre en œuvre les procédés de transformation des aliments
2. Conduire les lignes de production
3. Mettre en œuvre les techniques de conservation des denrées
4. Réaliser les analyses physico-chimiques des aliments
5. Réaliser les analyses microbiologiques des aliments
6. Prévenir les risques sanitaires alimentaires
7. Appliquer les normes de qualité
8. Contrôler les emballages et l’étiquetage
9. Assurer la traçabilité des produits
10. Développer le nouveaux produits
11. Gérer les non-conformités
12. Rédiger les procédures de production","1. Assistant ingénieur en technologie alimentaire
2. Responsable qualité en industrie agroalimentaire
3. Chargé de contrôle des produits alimentaires
4. Chargé de la sécurité sanitaire des aliments
5. Chef de production agroalimentaire adjoint","— Industries agroalimentaires —
• Unités de transformation des produits agricoles et halieutiques
• Lignes de production, de conditionnement et d’emballage
• Services de développement de nouveaux produits
— Qualité et sécurité sanitaire —
• Laboratoires de contrôle physico-chimique et microbiologique
• Services qualité, hygiène et traçabilité
• Organismes d’inspection et de certification
— Commerce, exportation et logistique —
• Entreprises exportatrices de produits alimentaires
• Services de la chaîne du froid et de la logistique alimentaire
• Centrales d’achat et réseaux de distribution
— Administration, recherche et entrepreneuriat —
• Services publics chargés de la sécurité sanitaire des aliments
• Laboratoires et centres de recherche agroalimentaire
• Création d’unités de transformation",https://parcoursupguinee.org/offre-de-formation-en-diplome-detat-et-ingenierie
ING-013,Diplôme d'État & Ingénierie,13,Génie en Pêche et Aquaculture,Diplôme d’ingénieur,ISSMV,1,SE + SE-FA + SM,12,"1. Mettre en œuvre les techniques de pêche artisanale et industrielle
2. Identifier les espèces halieutiques
3. Évaluer les stocks de poissons
4. Concevoir les installations aquacoles
5. Conduire l’élevage piscicole
6. Assurer l’alimentation des poissons d’élevage
7. Gérer la reproduction et l’alevinage
8. Mettre en œuvre la qualité de l’eau des bassins
9. Mettre en œuvre la santé des poissons et la prophylaxie
10. Mettre en œuvre la manutention et la conservation du poisson
11. Assurer la gestion durable des ressources halieutiques
12. Assurer la gestion technico-économique des unités","1. Assistant ingénieur en pêche et aquaculture
2. Chargé de production aquacole
3. Chargé de gestion des ressources halieutiques
4. Technicien d’écloserie
5. Chargé de suivi des pêcheries","— Pêche et aquaculture —
• Entreprises de pêche artisanale et industrielle
• Fermes piscicoles et unités d’aquaculture
• Écloseries et stations de production d’alevins
— Administration et gestion des ressources —
• Services publics chargés de la pêche et de l’aquaculture
• Services de surveillance et de contrôle des pêches
• Structures d’évaluation et de gestion des stocks
— Transformation et commercialisation —
• Unités de transformation et de conservation des produits halieutiques
• Services de la chaîne du froid et de la logistique
• Réseaux de distribution et d’exportation
— Projets, recherche et entrepreneuriat —
• Projets et programmes de développement de la pêche
• Centres de recherche halieutique et océanographique
• Création de fermes aquacoles et d’unités de valorisation",https://parcoursupguinee.org/offre-de-formation-en-diplome-detat-et-ingenierie
ING-014,Diplôme d'État & Ingénierie,14,Diplôme d’État en Architecture,Diplôme d’État,ISAU,1,SE + SE-FA + SM,12,"1. Assurer la conception architecturale des bâtiments
2. Réaliser le dessin et la représentation architecturale
3. Assurer la conception assistée par ordinateur
4. Réaliser les maquettes
5. Analyser les sites et les programmes
6. Choisir les matériaux de construction
7. Concevoir l’architecture bioclimatique
8. Appliquer la réglementation de l’urbanisme et la construction
9. Assurer la coordination avec les bureaux d’études
10. Établir l’estimation des coûts de construction
11. Assurer le suivi de l’exécution le travaux
12. Assurer la présentation des projets aux clients","1. Architecte
2. Chef de projet en agence d’architecture
3. Chargé d’études en maîtrise d’œuvre
4. Architecte-conseil en collectivité
5. Chargé de suivi de chantier architectural","— Cabinets et maîtrise d’œuvre —
• Cabinets et agences d’architecture
• Bureaux d’études et de maîtrise d’œuvre
• Services de conception et de dessin architectural
— Construction et immobilier —
• Entreprises de construction et de travaux publics
• Sociétés de promotion immobilière
• Services de suivi et de conduite des travaux
— Administration et collectivités —
• Services publics chargés de l’urbanisme, de l’habitat et du patrimoine
• Services techniques des collectivités locales
• Projets d’équipements publics et d’infrastructures
— Enseignement, recherche et entrepreneuriat —
• Établissements d’enseignement de l’architecture
• Projets de recherche en architecture et en construction durable
• Création de cabinets d’architecture",https://parcoursupguinee.org/offre-de-formation-en-diplome-detat-et-ingenierie
ING-015,Diplôme d'État & Ingénierie,15,Diplôme d’État en Urbanisme,Diplôme d’État,ISAU,1,SE + SE-FA + SM,12,"1. Établir le diagnostic urbain et territorial
2. Élaborer les plans d’urbanisme
3. Mettre en œuvre le zonage et l’affectation le sols
4. Concevoir les voiries et les réseaux
5. Planifier les équipements urbains
6. Organiser la mobilité et transports urbains
7. Assurer la gestion foncière et cadastre
8. Utiliser les systèmes d’information géographique
9. Mettre en œuvre l’assainissement et la gestion des déchets urbains
10. Conduire la concertation avec les populations
11. Appliquer la réglementation de l’urbanisme
12. Rédiger les documents d’urbanisme","1. Urbaniste
2. Chargé d’études en planification urbaine
3. Chargé de projets d’aménagement du territoire
4. Instructeur des autorisations d’urbanisme
5. Chargé de mission en collectivité locale","— Urbanisme et planification —
• Services publics chargés de l’urbanisme et de l’aménagement du territoire
• Services d’urbanisme des collectivités locales
• Agences d’aménagement et de développement urbain
— Bureaux d’études et ingénierie —
• Bureaux d’études en urbanisme et en aménagement
• Services de conception des voiries, réseaux et équipements
• Structures de gestion foncière et cadastrale
— Projets urbains et coopération —
• Projets de développement urbain financés par les partenaires
• Organisations internationales et programmes de villes durables
• Projets de mobilité et de gestion des déchets urbains
— Recherche, enseignement et entrepreneuriat —
• Observatoires urbains et centres de recherche
• Établissements d’enseignement supérieur, notamment après poursuite d’études
• Création de bureaux d’études en urbanisme",https://parcoursupguinee.org/offre-de-formation-en-diplome-detat-et-ingenierie
ING-016,Diplôme d'État & Ingénierie,16,Génie des Ressources Naturelles,Diplôme d’ingénieur,UZ,1,SE + SE-FA + SM,12,"1. Réaliser l’inventaire des ressources naturelles
2. Évaluer les ressources en eau
3. Gérer les ressources forestières
4. Gérer les sols et lutte contre l’érosion
5. Assurer le suivi de la biodiversité
6. Réaliser la cartographie des ressources
7. Évaluer les impacts d’exploitation
8. Planifier la gestion durable
9. Restaurer les milieux dégradés
10. Conduire la concertation avec les usagers des ressources
11. Appliquer la réglementation environnementale
12. Rédiger les rapports de gestion","1. Assistant ingénieur en gestion des ressources naturelles
2. Chargé d’études environnementales
3. Chargé de gestion des ressources naturelles
4. Chargé de suivi écologique
5. Chargé de projets de conservation","— Gestion des ressources naturelles —
• Services publics chargés des forêts, de l’eau et de l’environnement
• Structures de gestion des aires protégées et de la biodiversité
• Projets de gestion durable des ressources
— Bureaux d’études et suivi environnemental —
• Bureaux d’études d’impact et d’audit environnemental
• Services de suivi environnemental des sociétés minières
• Structures de cartographie et d’inventaire des ressources
— Agriculture, forêts et eau —
• Projets de reboisement et de lutte contre l’érosion
• Services de gestion des ressources en eau
• Projets agroforestiers et de restauration des sols
— Coopération, recherche et enseignement —
• Organisations internationales et organisations non gouvernementales environnementales
• Laboratoires et centres de recherche
• Établissements d’enseignement, notamment après poursuite d’études",https://parcoursupguinee.org/offre-de-formation-en-diplome-detat-et-ingenierie
ING-017,Diplôme d'État & Ingénierie,17,Génie en Sciences de l’Environnement,Diplôme d’ingénieur,UZ,1,SE + SE-FA + SM,12,"1. Analyser les pollutions et les nuisances
2. Réaliser le prélèvement et l’analyse des échantillons
3. Traiter les eaux usées
4. Assurer la gestion et la valorisation des déchets
5. Réaliser les études d’impact environnemental et social de projets
6. Assurer la surveillance de la qualité de l’air, des eaux et des sols
7. Concevoir et dimensionner les filières de traitement des effluents
8. Appliquer la réglementation environnementale nationale et les conventions internationales
9. Élaborer et suivre un plan de gestion environnementale
10. Exploiter les outils cartographiques et les systèmes d’information géographique
11. Sensibiliser les populations et les acteurs économiques aux enjeux environnementaux
12. Rédiger les rapports d’études et de suivi environnemental","1. Technicien supérieur en environnement
2. Chargé d’études de pollution
3. Technicien de traitement des eaux usées
4. Chargé de gestion des déchets
5. Assistant HSE","— Environnement et assainissement —
• Laboratoires d’analyse de l’eau, de l’air et des sols
• Stations d’épuration et unités de traitement des déchets
• Services d’assainissement des collectivités locales
— Industries, mines et énergie —
• Services environnementaux des sociétés minières et industrielles
• Services d’hygiène, de sécurité et d’environnement
• Projets de réhabilitation des sites dégradés
— Administration, contrôle et études —
• Services publics chargés de l’environnement
• Agences d’inspection et de contrôle environnemental
• Bureaux d’études d’impact et de conseil environnemental
— Coopération, recherche et sensibilisation —
• Organisations internationales et organisations non gouvernementales
• Laboratoires et centres de recherche en sciences de l’environnement
• Programmes d’éducation environnementale",https://parcoursupguinee.org/offre-de-formation-en-diplome-detat-et-ingenierie
ING-018,Diplôme d'État & Ingénierie,18,Génie Hydrologique,Diplôme d’ingénieur,UZ,1,SE + SE-FA + SM,12,"1. Mesurer les débits des cours d’eau
2. Gérer les stations hydrométriques
3. Analyser les données pluviométriques
4. Analyser les crues et les étiages
5. Concevoir et implanter un réseau d’observation hydrologique
6. Établir les courbes de tarage et les bilans hydrologiques
7. Modéliser les écoulements de surface et la relation pluie-débit
8. Élaborer les cartes d’aléa et les systèmes d’alerte précoce aux inondations
9. Évaluer la disponibilité de la ressource en eau pour l’irrigation et l’hydroélectricité
10. Exploiter les bases de données hydrométéorologiques et les outils statistiques
11. Appliquer les règles de sécurité lors des jaugeages et des missions de terrain
12. Rédiger les notes hydrologiques et les rapports d’expertise","1. Hydrologue junior
2. Technicien hydrométrique
3. Chargé d’études hydrologiques
4. Chargé de prévision des crues
5. Gestionnaire de réseau d’observation hydrologique","— Ressources en eau et hydrologie —
• Services publics chargés de l’hydraulique et des ressources en eau
• Stations hydrométriques et réseaux de mesure
• Structures de gestion des bassins versants
— Barrages, énergie et irrigation —
• Projets de barrages et d’aménagements hydroélectriques
• Sociétés de production d’énergie hydraulique
• Périmètres irrigués et projets hydro
— agricoles. —
• Eau potable et assainissement —
• Sociétés de production et de distribution d’eau potable
• Projets d’adduction d’eau en milieu rural et urbain
• Services d’assainissement et de drainage
— Études, risques et recherche —
• Bureaux d’études hydrauliques et environnementaux
• Structures de prévision et de gestion des crues
• Laboratoires et centres de recherche en hydrologie",https://parcoursupguinee.org/offre-de-formation-en-diplome-detat-et-ingenierie
ING-019,Diplôme d'État & Ingénierie,19,Génie en Sciences de l’Atmosphère,Diplôme d’ingénieur,UZ,1,SE + SE-FA + SM,12,"1. Réaliser l’observation et mesures météorologiques
2. Gérer les stations d’observation
3. Lire et analyser les cartes météorologiques
4. Établir la prévision du temps à court terme
5. Exploiter les données satellitaires et les modèles numériques de prévision
6. Élaborer les bulletins météorologiques destinés aux usagers
7. Assurer l’assistance météorologique à l’aéronautique et à l’agriculture
8. Analyser les séries climatiques et caractériser la variabilité du climat
9. Assurer l’étalonnage et la maintenance des capteurs météorologiques
10. Contribuer aux systèmes d’alerte précoce aux phénomènes extrêmes
11. Exploiter les outils statistiques et informatiques de traitement des données
12. Rédiger les rapports climatologiques et vulgariser l’information météorologique","1. Assistant ingénieur météorologue
2. Technicien d’observation météorologique
3. Prévisionniste junior
4. Chargé d’études climatiques
5. Gestionnaire de station météorologique","— Météorologie et observation —
• Services météorologiques nationaux
• Stations d’observation et réseaux de mesure
• Services de prévision et de veille météorologique
— Aviation, transport et agriculture —
• Services météorologiques de l’aviation civile et des ports
• Services d’appui météorologique à l’agriculture
• Projets d’information climatique pour les producteurs
— Climat, environnement et risques —
• Structures de suivi du changement climatique
• Structures de prévention des risques et catastrophes
• Bureaux d’études environnementaux
— Recherche, coopération et enseignement —
• Laboratoires et centres de recherche en sciences de l’atmosphère
• Projets et programmes climatiques des partenaires au développement
• Établissements d’enseignement, notamment après poursuite d’études",https://parcoursupguinee.org/offre-de-formation-en-diplome-detat-et-ingenierie
ING-020,Diplôme d'État & Ingénierie,20,Génie Géologique,Diplôme d’ingénieur,ISMG Boké,1,SE + SE-FA,12,"1. Réaliser la cartographie géologique de terrain
2. Identifier les roches et minéraux
3. Conduire l’analyse structurale des formations
4. Réaliser la description et l’interprétation des sondages
5. Conduire une campagne de prospection géologique et géochimique
6. Interpréter les données géophysiques appliquées à l’exploration
7. Estimer les ressources et les réserves selon les codes de reporting reconnus
8. Exploiter les logiciels de modélisation géologique et de base de données de sondages
9. Réaliser les études géotechniques préalables aux travaux miniers et de génie civil
10. Appliquer le code minier et la réglementation environnementale
11. Assurer la sécurité des missions de terrain et des opérations de sondage
12. Rédiger les rapports d’exploration et les notes de synthèse géologique","1. Assistant ingénieur géologue
2. Géologue d’exploration
3. Chargé de cartographie géologique
4. Chargé d’interprétation de sondages
5. Géologue de mine junior","— Exploration et mines —
• Sociétés minières et sociétés d’exploration
• Services de prospection et d’évaluation des gisements
• Laboratoires de description et d’analyse des sondages
— Géotechnique et travaux publics —
• Bureaux d’études géotechniques
• Entreprises de construction et de travaux publics
• Projets de barrages, de routes et d’ouvrages d’art
— Eau, environnement et risques —
• Structures de gestion des eaux souterraines
• Services de suivi environnemental des sites miniers
• Structures d’étude et de prévention des risques naturels
— Administration, recherche et enseignement —
• Services publics chargés des mines et de la géologie
• Laboratoires et centres de recherche en géosciences
• Établissements d’enseignement, notamment après poursuite d’études",https://parcoursupguinee.org/offre-de-formation-en-diplome-detat-et-ingenierie
ING-021,Diplôme d'État & Ingénierie,21,Génie Minier,Diplôme d’ingénieur,ISMG Boké,1,SE + SE-FA + SM,12,"1. Concevoir les méthodes d’exploitation
2. Planifier la production minière
3. Conduire le forage et l’abattage des roches
4. Conduire les tirs d’explosifs
5. Dimensionner les infrastructures minières et les réseaux d’exhaure et d’aération
6. Établir le plan de tir et contrôler les vibrations et les projections
7. Exploiter les logiciels de planification et d’optimisation des fosses
8. Évaluer les coûts d’exploitation et la rentabilité d’un projet minier
9. Assurer la stabilité des talus et le soutènement des ouvrages souterrains
10. Appliquer le code minier, les normes de sécurité et la réglementation environnementale
11. Encadrer les équipes de production et organiser les postes de travail
12. Rédiger les rapports de production et les comptes rendus d’exploitation","1. Assistant ingénieur des mines
2. Chargé de planification minière
3. Chargé de production d’exploitation
4. Chargé de conception des méthodes d’exploitation
5. Superviseur de foration et de tir","— Exploitation minière —
• Sociétés minières à ciel ouvert et souterraines
• Services de production, de forage et d’abattage
• Services de planification et de conception des exploitations
— Carrières et travaux publics —
• Exploitations de carrières et de granulats
• Entreprises de travaux publics et de terrassement
• Entreprises de sous
— traitance minière. —
• Sécurité, environnement et qualité —
• Services de sécurité et de prévention des risques miniers
• Services environnementaux et de réhabilitation des sites
• Services de contrôle et de suivi de la production
— Administration, recherche et enseignement —
• Services publics chargés des mines
• Bureaux d’études et sociétés d’ingénierie minière
• Établissements d’enseignement et centres de recherche",https://parcoursupguinee.org/offre-de-formation-en-diplome-detat-et-ingenierie
ING-022,Diplôme d'État & Ingénierie,22,Génie Traitement des Minerais et Métallurgie,Diplôme d’ingénieur,ISMG Boké,1,SE + SE-FA + SM,12,"1. Réaliser l’échantillonnage des minerais
2. Mettre en œuvre le concassage et le broyage
3. Séparer par flottation
4. Mettre en œuvre la séparation gravimétrique et magnétique
5. Élaborer et optimiser les schémas de traitement des minerais
6. Établir les bilans matière et les rendements de récupération
7. Conduire les procédés hydrométallurgiques et pyrométallurgiques
8. Assurer le contrôla qualité des concentrés et des produits finis
9. Gérer les rejets, les résidus et les effluents de traitement
10. Exploiter les logiciels de simulation des circuits de traitement
11. Appliquer les règles d’hygiène, de sécurité et de protection de l’environnement
12. Rédiger les rapports d’essais et de suivi des performances de l’usine","1. Assistant ingénieur en traitement des minerais
2. Chargé de conduite d’usine de traitement
3. Métallurgiste junior
4. Chargé d’essais de traitement
5. Chargé d’optimisation de la récupération","— Traitement des minerais et métallurgie —
• Usines de traitement et de concentration des minerais
• Unités d’hydrométallurgie et de pyrométallurgie
• Services de procédés et d’optimisation des rendements
— Laboratoires et contrôle —
• Laboratoires d’analyse et d’essais métallurgiques
• Services d’échantillonnage et de contrôle qualité
• Services de bilans matière et de suivi de production
— Maintenance, sécurité et environnement —
• Services de maintenance des installations de traitement
• Services de sécurité industrielle
• Services de gestion des résidus et des rejets
— Études, recherche et enseignement —
• Bureaux d’études et sociétés d’ingénierie minière
• Laboratoires et centres de recherche en métallurgie
• Établissements d’enseignement, notamment après poursuite d’études",https://parcoursupguinee.org/offre-de-formation-en-diplome-detat-et-ingenierie
ING-023,Diplôme d'État & Ingénierie,23,Génie de l’Environnement et Sécurité Industriels,Diplôme d’ingénieur,ISMG Boké,1,SE + SE-FA + SM,12,"1. Identifier les risques industriels
2. Conduire l’analyse et l’évaluation des risques
3. Élaborer les plans de prévention
4. Gérer les situations d’urgence
5. Réaliser les études de dangers et les analyses de risques (HAZOP, AMDEC)
6. Concevoir et animer un système de management de la santé-sécurité au travail
7. Réaliser les études d’impact environnemental et les plans de gestion associés
8. Assurer la surveillance des rejets atmosphériques, liquides et solides
9. Organiser et évaluer les exercices de simulation d’urgence
10. Appliquer la réglementation nationale et les normes internationales HSE
11. Former et sensibiliser le personnel aux risques industriels
12. Rédiger les rapports d’accident, d’audit et de conformité","1. Assistant ingénieur HSE
2. Chargé de prévention des risques industriels
3. Chargé d’études d’impact environnemental
4. Coordonnateur sécurité
5. Chargé de gestion des situations d’urgence","— Sécurité industrielle —
• Services de sécurité et de prévention des risques des sociétés minières
• Services d’hygiène, de sécurité et d’environnement des industries
• Services de gestion des situations d’urgence
— Environnement industriel —
• Services environnementaux et de conformité des entreprises
• Unités de traitement des effluents et des déchets industriels
• Projets de réhabilitation des sites
— Audit, contrôle et bureaux d’études —
• Cabinets d’audit et de conseil en sécurité et environnement
• Agences publiques d’inspection et de contrôle
• Bureaux d’études d’impact et d’analyse des risques
— Formation, assurance et recherche —
• Centres de formation en sécurité industrielle
• Compagnies d’assurance, en prévention des risques
• Laboratoires et centres de recherche appliquée",https://parcoursupguinee.org/offre-de-formation-en-diplome-detat-et-ingenierie
ING-024,Diplôme d'État & Ingénierie,24,Génie Énergétique,Diplôme d’ingénieur,IST Mamou,1,SE + SE-FA + SM,12,"1. Analyser les cycles thermodynamiques
2. Dimensionner les centrales de production
3. Mobiliser les transferts thermiques et l’isolation
4. Conduire la production et la distribution de vapeur
5. Dimensionner les échangeurs, les chaudières et les réseaux de distribution d’énergie
6. Réaliser un audit énergétique et proposer des actions d’efficacité
7. Conduire et superviser l’exploitation d’une centrale thermique ou hydroélectrique
8. Intégrer les énergies renouvelables dans un système de production
9. Exploiter les logiciels de simulation thermique et énergétique
10. Appliquer la réglementation énergétique et les normes de sécurité
11. Élaborer et suivre le plan de maintenance des installations énergétiques
12. Rédiger les rapports d’audit et les notes de calcul énergétique","1. Assistant ingénieur énergéticien
2. Chargé d’études thermiques et énergétiques
3. Chargé d’exploitation de centrale
4. Chargé d’efficacité énergétique
5. Technicien supérieur en production de vapeur","— Production et distribution d’énergie —
• Sociétés de production, de transport et de distribution d’électricité
• Centrales thermiques, hydroélectriques et solaires
• Services d’exploitation et de conduite des installations
— Efficacité énergétique et bureaux d’études —
• Services d’audit et de maîtrise de l’énergie
• Bureaux d’études en dimensionnement énergétique
• Services techniques des bâtiments et des industries
— Industrie, mines et thermique —
• Services énergétiques des sociétés minières et industrielles
• Installations thermiques, frigorifiques et de production de vapeur
• Services de maintenance des équipements énergétiques
— Projets, recherche et entrepreneuriat —
• Projets énergétiques des partenaires au développement
• Laboratoires et centres de recherche en énergie
• Création d’entreprises d’installation et de conseil énergétique",https://parcoursupguinee.org/offre-de-formation-en-diplome-detat-et-ingenierie
ING-025,Diplôme d'État & Ingénierie,25,Génie en Instrumentation et Maintenance,Diplôme d’ingénieur,IST Mamou,1,SE + SE-FA + SM,12,"1. Mettre en œuvre des capteurs industriels
2. Réaliser l’étalonnage des appareils de mesure
3. Mobiliser les chaînes de mesure et la transmission des signaux
4. Réguler les procédés
5. Sélectionner et dimensionner les capteurs et les actionneurs d’une chaîne de mesure
6. Concevoir et régler les boucles de régulation industrielle
7. Assurer le raccordement et la mise en service des instruments sur site
8. Diagnostiquer les dérives de mesure et les dysfonctionnements d’instrumentation
9. Exploiter les systèmes de supervision et d’acquisition de données
10. Appliquer les normes de métrologie et assurer la traçabilité des étalonnages
11. Élaborer et suivre le plan de maintenance de l’instrumentation
12. Rédiger les dossiers d’étalonnage et les rapports d’intervention","1. Assistant ingénieur en instrumentation
2. Technicien en métrologie et étalonnage
3. Chargé de régulation et de contrôle-commande
4. Technicien de maintenance instrumentale
5. Chargé de chaînes de mesure industrielles","— Instrumentation industrielle —
• Services d’instrumentation et de régulation des unités industrielles
• Services de métrologie et d’étalonnage
• Services de mise en œuvre des capteurs et des chaînes de mesure
— Maintenance et fiabilité —
• Services de maintenance industrielle et de diagnostic
• Services de planification de la maintenance préventive
• Ateliers de réparation des équipements techniques
— Mines, énergie et agroalimentaire —
• Services techniques des sociétés minières
• Centrales énergétiques et unités de production
• Industries agroalimentaires et pharmaceutiques
— Études, formation et entrepreneuriat —
• Bureaux d’études techniques et sociétés d’ingénierie
• Centres de formation technique
• Création d’entreprises de maintenance et d’instrumentation",https://parcoursupguinee.org/offre-de-formation-en-diplome-detat-et-ingenierie
ING-026,Diplôme d'État & Ingénierie,26,Génie en Technologies des Équipements Biomédicaux,Diplôme d’ingénieur,IST Mamou,1,SE + SE-FA + SM,12,"1. Exploiter la technologie des appareils médicaux
2. Installer les équipements hospitaliers
3. Réaliser l’étalonnage et contrôle des dispositifs
4. Assurer la maintenance préventive des équipements médicaux
5. Analyser les principes physiques et les normes des dispositifs médicaux
6. Réaliser les contrôles qualité et les vérifications périodiques des équipements
7. Assurer la maintenance corrective des appareils d’imagerie, de laboratoire et de bloc
8. Gérer le parc d’équipements biomédicaux et planifier son renouvellement
9. Appliquer les règles de radioprotection, d’hygiène et de sécurité électrique
10. Former les utilisateurs au bon usage des équipements médicaux
11. Élaborer les cahiers des charges et participer aux acquisitions d’équipements
12. Rédiger les rapports d’intervention et les fiches de vie des équipements","1. Ingénieur biomédical junior
2. Technicien de maintenance des équipements médicaux
3. Chargé d’installation et de mise en service hospitalière
4. Chargé de contrôle qualité des dispositifs médicaux
5. Technicien d’application en matériel médical","— Équipements biomédicaux —
• Services techniques et biomédicaux des hôpitaux
• Entreprises d’installation et de maintenance du matériel médical
• Services de gestion du parc d’équipements de santé
— Fournisseurs et distribution —
• Sociétés de distribution de matériel médical
• Services d’assistance technique et de garantie
• Services de formation des utilisateurs
— Métrologie, qualité et sécurité —
• Services d’étalonnage et de contrôle des dispositifs médicaux
• Services de qualité et de sécurité des équipements
• Services de radioprotection et de maintenance des appareils d’imagerie
— Administration, projets et entrepreneuriat —
• Services publics chargés des infrastructures et équipements sanitaires
• Projets d’équipement des structures de santé
• Création d’entreprises de maintenance biomédicale",https://parcoursupguinee.org/offre-de-formation-en-diplome-detat-et-ingenierie
ING-027,Diplôme d'État & Ingénierie,27,Génie en Conception et Fabrication Mécanique,Diplôme d’ingénieur,IST Mamou,1,SE + SE-FA + SM,12,"1. Assurer la conception assistée par ordinateur
2. Conduire la fabrication assistée par ordinateur
3. Usiner sur machines à commande numérique
4. Mettre en œuvre le tournage et le fraisage conventionnels
5. Analyser un cahier des charges fonctionnel et proposer une solution technique
6. Réaliser les calculs de dimensionnement et de résistance des pièces mécaniques
7. Élaborer les gammes d’usinage et les programmes à commande numérique
8. Sélectionner les matériaux, les outils coupants et les conditions de coupe
9. Assurer le contrôle dimensionnel et géométrique des pièces produites
10. Mettre en œuvre les techniques d’assemblage, de soudage et de traitement de surface
11. Appliquer les règles d’hygiène et de sécurité en atelier de fabrication
12. Rédiger les dossiers de définition et de fabrication","1. Assistant ingénieur en conception mécanique
2. Projeteur CAO/DAO
3. Programmeur en fabrication assistée par ordinateur
4. Opérateur-régleur sur machines à commande numérique
5. Chargé de méthodes d’usinage","— Conception et fabrication mécanique —
• Bureaux d’études et services de conception mécanique
• Ateliers d’usinage et de fabrication
• Unités de production et de montage mécanique
— Mines, énergie et industrie —
• Services mécaniques et de maintenance des sociétés minières
• Centrales énergétiques et installations industrielles
• Ateliers de chaudronnerie et de soudure
— Contrôle, qualité et méthodes —
• Services de métrologie et de contrôle dimensionnel
• Services de méthodes et d’industrialisation
• Services qualité et sécurité des ateliers
— Enseignement, recherche et entrepreneuriat —
• Établissements d’enseignement technique et supérieur
• Laboratoires et centres de recherche appliquée
• Création d’ateliers de fabrication mécanique",https://parcoursupguinee.org/offre-de-formation-en-diplome-detat-et-ingenierie
ING-028,Diplôme d'État & Ingénierie,28,Génie en Analyses Chimiques et Contrôle Qualité,Diplôme d’ingénieur,IST Mamou,1,SE + SE-FA + SM,12,"1. Préparer les échantillons
2. Réaliser des analyses par chromatographie
3. Réaliser des analyses par spectrométrie
4. Réaliser les titrages et analyses volumétriques
5. Développer et valider une méthode d’analyse selon les normes en vigueur
6. Mettre en œuvre le contrôla qualité interne et les essais interlaboratoires
7. Exploiter statistiquement les résultats et estimer les incertitudes de mesure
8. Assurer l’étalonnage, la qualification et la maintenance des appareils d’analyse
9. Appliquer les exigences des systèmes qualité de laboratoire (ISO/IEC 17025)
10. Gérer les réactifs, les déchets chimiques et la sécurité au laboratoire
11. Organiser le travail d’une équipe de laboratoire et planifier les analyses
12. Rédiger les procédures analytiques et les rapports d’essais","1. Assistant ingénieur chimiste analyste
2. Responsable de laboratoire d’analyses adjoint
3. Chargé de contrôle qualité
4. Technicien en chromatographie et spectrométrie
5. Chargé d’assurance qualité analytique","— Laboratoires d’analyses chimiques —
• Laboratoires industriels de contrôle et d’analyses
• Laboratoires miniers et environnementaux
• Laboratoires agroalimentaires et pharmaceutiques
— Contrôle qualité et normalisation —
• Services de contrôle qualité des unités de production
• Organismes de normalisation et de certification
• Services d’inspection et de conformité des produits
— Industries et environnement —
• Industries chimiques et parachimiques
• Services de suivi des rejets et des pollutions
• Services d’hygiène, de sécurité et d’environnement
— Administration, recherche et enseignement —
• Services publics chargés du contrôle et de la métrologie
• Laboratoires et centres de recherche
• Établissements d’enseignement, notamment après poursuite d’études",https://parcoursupguinee.org/offre-de-formation-en-diplome-detat-et-ingenierie
ING-029,Diplôme d'État & Ingénierie,29,Génie en Bioingénierie,Diplôme d’ingénieur,IST Mamou,1,SE + SE-FA + SM,12,"1. Conduire les bioprocédés et les fermenteurs
2. Conduire la culture cellulaire et microbienne
3. Mettre en œuvre l’instrumentation et mesures appliquées au vivant
4. Conduire l’extraction et la purification des produits biologiques
5. Dimensionner et conduire un bioréacteur en mode discontinu et continu
6. Optimiser les conditions de culture et les milieux de fermentation
7. Mettre en œuvre les techniques de biologie moléculaire appliquées à la production
8. Assurer les opérations aval de séparation, de concentration et de formulation
9. Appliquer les bonnes pratiques de fabrication et les règles de biosécurité
10. Assurer le contrôla qualité et la stabilité des produits biologiques
11. Évaluer la faisabilité technico-économique d’un bioprocédé
12. Rédiger les protocoles expérimentaux et les rapports de production","1. Assistant ingénieur en bioingénierie
2. Chargé de conduite de bioprocédés
3. Technicien en culture cellulaire et fermentation
4. Chargé d’extraction et de purification
5. Assistant de recherche en biotechnologie","— Bioprocédés et biotechnologies —
• Unités de production biotechnologique et de fermentation
• Laboratoires de culture cellulaire et microbienne
• Services d’extraction et de purification des produits biologiques
— Santé et instrumentation biomédicale —
• Services techniques et biomédicaux des structures de santé
• Entreprises d’équipements de laboratoire et médicaux
• Services de métrologie et de contrôle des dispositifs
— Industries pharmaceutiques et agroalimentaires —
• Unités de production pharmaceutique
• Industries agroalimentaires, en procédés biologiques
• Services d’assurance et de contrôle qualité
— Recherche, enseignement et entrepreneuriat —
• Laboratoires et centres de recherche appliquée
• Établissements d’enseignement, notamment après poursuite d’études
• Création d’unités de production biotechnologique",https://parcoursupguinee.org/offre-de-formation-en-diplome-detat-et-ingenierie
ING-030,Diplôme d'État & Ingénierie,30,Ingénierie en Sciences Agricoles,Diplôme d’ingénieur,ISAV Faranah,1,SE + SE-FA + SM,12,"1. Conduire l’analyse et fertilité des sols
2. Conduire les cultures vivrières
3. Conduire les cultures de rente
4. Mettre en œuvre la sélection des semences et des variétés
5. Établir un diagnostic agronomique d’exploitation et de terroir
6. Élaborer un itinéraire technique adapté à une culture et à un milieu
7. Mettre en œuvre la protection intégrée des cultures
8. Concevoir et suivre un dispositif expérimental agronomique
9. Évaluer la rentabilité technico-économique d’un système de production
10. Intégrer les enjeux d’adaptation au changement climatique dans les pratiques agricoles
11. Conseiller et accompagner les producteurs et leurs organisations
12. Rédiger les rapports techniques et les documents de projet agricole","1. Ingénieur agronome junior
2. Conseiller agricole
3. Chargé de production végétale
4. Chargé de projets agricoles
5. Chargé de suivi technique d’exploitations","— Production agricole —
• Exploitations et fermes agricoles
• Services de conduite des cultures vivrières et de rente
• Unités de production semencière et de pépinières
— Appui technique et vulgarisation —
• Services publics chargés de l’agriculture
• Services de vulgarisation et d’encadrement des producteurs
• Coopératives et groupements de producteurs
— Intrants, protection des cultures et sols —
• Entreprises de distribution d’intrants et d’équipements agricoles
• Services de protection phytosanitaire
• Laboratoires d’analyse des sols et de fertilité
— Projets, recherche et entrepreneuriat —
• Projets et programmes de développement agricole
• Centres de recherche agronomique
• Création et gestion d’exploitations agricoles",https://parcoursupguinee.org/offre-de-formation-en-diplome-detat-et-ingenierie
ING-031,Diplôme d'État & Ingénierie,31,Ingénierie en Agroforesterie,Diplôme d’ingénieur,ISAV Faranah,1,SE + SE-FA + SM,12,"1. Concevoir les systèmes agroforestiers
2. Choisir les espèces associées
3. Produire des plants en pépinière
4. Mettre en œuvre les techniques de plantation
5. Diagnostiquer les systèmes de production et les usages des terres
6. Évaluer les services écosystémiques rendus par les systèmes agroforestiers
7. Conduire l’entretien, la taille et la gestion des arbres associés
8. Évaluer la rentabilité technico-économique d’un système agroforestier
9. Intégrer l’agroforesterie dans les stratégies d’adaptation au changement climatique
10. Animer la concertation avec les communautés et les organisations paysannes
11. Exploiter les outils cartographiques de suivi des parcelles
12. Rédiger les rapports techniques et les documents de projet","1. Ingénieur agroforestier
2. Chargé de projets agroforestiers
3. Conseiller en systèmes agroforestiers
4. Chargé de production de plants
5. Chargé de restauration des terres","— Agroforesterie et exploitations —
• Exploitations agroforestières et fermes intégrées
• Pépinières et unités de production de plants
• Services de conception des systèmes agroforestiers
— Forêts, sols et environnement —
• Projets de reboisement et de restauration des sols
• Structures de gestion des forêts et des terroirs
• Projets de lutte contre l’érosion et la désertification
— Appui technique et vulgarisation —
• Services publics chargés de l’agriculture et des forêts
• Services de vulgarisation et d’encadrement des producteurs
• Coopératives et groupements agroforestiers
— Projets, recherche et entrepreneuriat —
• Projets et programmes de développement rural et climatique
• Centres de recherche agronomique et forestière
• Création d’exploitations et de pépinières",https://parcoursupguinee.org/offre-de-formation-en-diplome-detat-et-ingenierie
ING-032,Diplôme d'État & Ingénierie,32,Ingénierie en Aménagement et Environnement Forestiers,Diplôme d’ingénieur,ISAV Faranah,1,SE + SE-FA + SM,12,"1. Réaliser l’inventaire forestier
2. Réaliser la cartographie des massifs forestiers
3. Élaborer les plans d’aménagement
4. Mettre en œuvre les techniques de reboisement
5. Évaluer les ressources forestières et la productivité des peuplements
6. Concevoir et suivre un plan d’aménagement forestier durable
7. Mettre en œuvre la prévention et la lutte contre les feux de brousse
8. Appliquer le code forestier et la réglementation environnementale
9. Organiser l’exploitation forestière et le contrôle des produits ligneux
10. Concevoir des mécanismes de gestion participative des ressources forestières
11. Exploiter les outils SIG et de télédétection pour le suivi des massifs
12. Rédiger les rapports d’inventaire et les plans d’aménagement","1. Ingénieur forestier
2. Chargé d’aménagement forestier
3. Chargé d’inventaire forestier
4. Chargé de reboisement
5. Agent de gestion des massifs forestiers","— Gestion et aménagement forestiers —
• Services publics chargés des forêts et de la faune
• Structures de gestion des massifs et des aires protégées
• Services d’inventaire et d’aménagement forestier
— Reboisement et restauration —
• Projets de reboisement et de plantations forestières
• Pépinières et unités de production de plants
• Projets de restauration des terres dégradées
— Filière bois et valorisation —
• Entreprises d’exploitation forestière et de transformation du bois
• Services de contrôle et de traçabilité des produits forestiers
• Projets de valorisation des produits forestiers non ligneux
— Coopération, recherche et entrepreneuriat —
• Organisations internationales et projets de gestion durable des forêts
• Centres de recherche forestière
• Création d’entreprises de plantation et de services forestiers",https://parcoursupguinee.org/offre-de-formation-en-diplome-detat-et-ingenierie
ING-033,Diplôme d'État & Ingénierie,33,Ingénierie en Sciences Animales,Diplôme d’ingénieur,ISAV Faranah,1,SE + SE-FA + SM,12,"1. Conduire l’élevage des ruminants
2. Conduire l’élevage avicole
3. Assurer l’alimentation et le rationnement des animaux
4. Gérer la reproduction
5. Établir un diagnostic zootechnique et sanitaire d’un élevage
6. Formuler les rations et évaluer la valeur alimentaire des fourrages
7. Mettre en œuvre les techniques d’amélioration génétique et de reproduction assistée
8. Appliquer les mesures de biosécurité et de prophylaxie sanitaire
9. Évaluer la rentabilité technico-économique d’un atelier d’élevage
10. Concevoir et dimensionner les bâtiments et équipements d’élevage
11. Conseiller et former les éleveurs et leurs organisations
12. Rédiger les rapports techniques et les documents de projet d’élevage","1. Ingénieur zootechnicien
2. Conseiller en élevage
3. Chargé de production animale
4. Chargé de gestion de la reproduction
5. Chargé de projets d’élevage","— Élevage et productions animales —
• Exploitations d’élevage de ruminants, de volailles et de porcins
• Unités de production laitière et avicole
• Services de gestion technique des élevages
— Santé animale et reproduction —
• Services d’appui sanitaire et de prophylaxie
• Services de gestion de la reproduction et de l’amélioration génétique
• Services vétérinaires publics, en appui technique
— Alimentation animale et intrants —
• Unités de production d’aliments pour animaux
• Entreprises de distribution d’intrants et d’équipements d’élevage
• Services de conseil en rationnement et en zootechnie
— Projets, recherche et entrepreneuriat —
• Projets et programmes de développement de l’élevage
• Centres de recherche zootechnique
• Création de fermes et d’unités de production animale",https://parcoursupguinee.org/offre-de-formation-en-diplome-detat-et-ingenierie
ING-034,Diplôme d'État & Ingénierie,34,Ingénierie en Génie Rural,Diplôme d’ingénieur,ISAV Faranah,1,SE + SE-FA + SM,12,"1. Mettre en œuvre la topographie appliquée à l’agriculture
2. Concevoir l’aménagement des périmètres irrigués
3. Concevoir les réseaux d’irrigation
4. Concevoir les ouvrages de retenue et de captage
5. Réaliser les études hydrologiques et pédologiques préalables à un aménagement
6. Dimensionner les ouvrages de retenue, de captage et de drainage
7. Établir les métrés, les devis et les dossiers d’appel d’offres
8. Conduire et contrôler les travaux d’aménagement hydro-agricole
9. Exploiter les logiciels de dessin technique et de calcul hydraulique
10. Organiser la gestion participative des périmètres irrigués
11. Appliquer les règles de sécurité et de protection de l’environnement sur les chantiers
12. Rédiger les rapports d’étude et de suivi de travaux","1. Ingénieur du génie rural
2. Chargé d’aménagement de périmètres irrigués
3. Chargé d’études en irrigation et drainage
4. Chargé d’ouvrages hydro-agricoles
5. Conducteur de travaux ruraux","— Aménagements hydro —
• agricoles —
• Projets d’irrigation et de périmètres irrigués
• Services d’aménagement rural et de bas-fonds
• Entreprises de travaux hydro
— agricoles. —
• Génie rural et infrastructures —
• Services publics chargés du génie rural
• Projets de pistes rurales et d’ouvrages hydrauliques
• Bureaux d’études techniques ruraux
— Mécanisation et équipements —
• Services de mécanisation agricole
• Entreprises de distribution et de maintenance des équipements
• Services de gestion des parcs de matériel agricole
— Projets, recherche et entrepreneuriat —
• Projets et programmes de développement rural
• Centres de recherche en génie rural
• Création d’entreprises de travaux et de services agricoles",https://parcoursupguinee.org/offre-de-formation-en-diplome-detat-et-ingenierie
